work_id,mp_name,state,district,constituency,work_title,work_category,work_description,recommendation_date,sanction_date,start_date,expected_completion_date,actual_completion_date,status,sanctioned_amount,estimated_cost,actual_expenditure,physical_progress,financial_progress,latitude,longitude,village,ward,beneficiary_area,implementing_agency,vendor,last_update_date,completion_certificate,utilization_certificate,audit_certificate,photo_available,asset_register_entry,data_source
MPLAD-RA-2024-0001,MANJU SHARMA,Rajasthan,Jaipur,JAIPUR,Construction of Community Welfare Center at Bus Stand,Community Hall & Cultural Centers,Standard infrastructure project under MPLADS guidelines for community hall & cultural centers to improve citizen access and public amenity.,2024-02-14,2024-03-11,2024-04-16,2024-10-17,,IN_PROGRESS,2587000.0,2587000.0,1190020.0,32.6,46.0,26.929785,75.782461,Gram Gandhi Park,Ward 7,Jaipur Block 6,Public Works Department (PWD) Rural,Registered Contractor V-129 Pvt Ltd,2026-06-29,False,False,False,True,True,OFFICIAL_ESAKSHI_DATA
MPLAD-UT-2024-0002,Shri Narendra Modi,Uttar Pradesh,Varanasi,VARANASI,"Modernization of School Boundary Wall and Playground, Ward 18",School Infrastructure & Classrooms,Standard infrastructure project under MPLADS guidelines for school infrastructure & classrooms to improve citizen access and public amenity.,2024-08-04,2024-08-24,2024-10-02,2025-04-13,2025-04-19,COMPLETED,1798000.0,1798000.0,1718543.43,100.0,100.0,25.370906,82.965705,Gram Hanuman Chowk,Ward 3,Varanasi Block 4,Zila Parishad Engineering Wing,Registered Contractor V-136 Pvt Ltd,2025-03-29,True,True,True,True,True,OFFICIAL_ESAKSHI_DATA
MPLAD-RA-2024-0003,Gajendra Singh Shekhawat,Rajasthan,Jodhpur,JODHPUR,Erection of Senior Citizen Pavilion at Navodaya Vidyalaya Panchayat,Community Hall & Cultural Centers,Standard infrastructure project under MPLADS guidelines for community hall & cultural centers to improve citizen access and public amenity.,2024-08-03,2024-08-25,2024-10-02,2025-02-27,,IN_PROGRESS,2233000.0,2233000.0,1824361.0,83.4,81.7,26.248666,73.059668,Gram Ambedkar Nagar,Ward 7,Jodhpur Block 6,Zila Parishad Engineering Wing,Registered Contractor V-134 Pvt Ltd,2026-07-24,False,True,False,True,True,OFFICIAL_ESAKSHI_DATA
MPLAD-RA-2024-0004,MANJU SHARMA,Rajasthan,Jaipur,JAIPUR,"Augmentation of Village Piped Drinking Water Scheme, Ward 24",Drinking Water & Tube Wells,Standard infrastructure project under MPLADS guidelines for drinking water & tube wells to improve citizen access and public amenity.,2024-08-15,2024-09-18,2024-10-30,2025-02-09,,IN_PROGRESS,667000.0,667000.0,379523.0,52.2,56.9,26.894019,75.767302,Gram Shivaji Nagar,Ward 30,Jaipur Block 6,District Urban Development Agency (DUDA),Registered Contractor V-111 Pvt Ltd,2026-08-05,False,False,False,True,True,OFFICIAL_ESAKSHI_DATA
MPLAD-RA-2024-0005,MANJU SHARMA,Rajasthan,Jaipur,JAIPUR,"Construction of Underground Drainage System at Bus Stand, Ward 4",Public Sanitation & Drainage,Standard infrastructure project under MPLADS guidelines for public sanitation & drainage to improve citizen access and public amenity.,2024-05-07,2024-06-20,2024-07-13,2025-02-06,,IN_PROGRESS,714000.0,714000.0,435540.0,58.4,61.0,26.820961,75.820563,Gram Kisan Mandi,Ward 11,Jaipur Block 4,Public Works Department (PWD) Rural,Registered Contractor V-121 Pvt Ltd,2026-07-15,False,False,False,True,True,OFFICIAL_ESAKSHI_DATA
MPLAD-KA-2024-0006,DR C N MANJUNATH,Karnataka,Bengaluru Rural,BANGALORE RURAL,Construction of Community RO Water Filtration Plant at Main Chauraha,Drinking Water & Tube Wells,Standard infrastructure project under MPLADS guidelines for drinking water & tube wells to improve citizen access and public amenity.,2024-03-04,2024-04-24,2024-05-21,2024-12-10,,IN_PROGRESS,683000.0,683000.0,381797.0,43.8,55.9,13.170664,77.560018,Gram Primary Health Center,Ward 8,Bengaluru Rural Block 2,Zila Parishad Engineering Wing,Registered Contractor V-141 Pvt Ltd,2026-06-15,False,False,False,False,True,OFFICIAL_ESAKSHI_DATA
MPLAD-UT-2024-0007,Shri Narendra Modi,Uttar Pradesh,Varanasi,VARANASI,"Construction of CC Road from Govt Hospital to Gandhi Park, Ward 34",Road Works,Standard infrastructure project under MPLADS guidelines for road works to improve citizen access and public amenity.,2024-06-18,2024-07-18,2024-08-27,2025-02-20,,IN_PROGRESS,1479000.0,1479000.0,400809.0,28.8,27.1,25.292983,82.899013,Gram Shastri Colony,Ward 24,Varanasi Block 1,Gram Panchayat Works Division,Registered Contractor V-120 Pvt Ltd,2026-07-27,False,False,False,True,True,OFFICIAL_ESAKSHI_DATA
MPLAD-KA-2024-0008,YADUVEER KRISHNADATTA CHAMARAJA WADIYAR,Karnataka,Mysuru,MYSORE,Laying of Interlocking Tile Road at Navodaya Vidyalaya Sector 20,Road Works,Standard infrastructure project under MPLADS guidelines for road works to improve citizen access and public amenity.,2024-02-19,2024-04-08,2024-04-23,2024-10-22,,IN_PROGRESS,1676000.0,1676000.0,869844.0,37.9,51.9,12.31672,76.728982,Gram Ambedkar Nagar,Ward 7,Mysuru Block 2,District Urban Development Agency (DUDA),Registered Contractor V-156 Pvt Ltd,2026-06-19,False,False,False,True,True,OFFICIAL_ESAKSHI_DATA
MPLAD-KA-2024-0009,DR C N MANJUNATH,Karnataka,Bengaluru Rural,BANGALORE RURAL,"Construction of Underground Drainage System at Ram Mandir, Ward 16",Public Sanitation & Drainage,Standard infrastructure project under MPLADS guidelines for public sanitation & drainage to improve citizen access and public amenity.,2024-06-11,2024-07-21,2024-08-20,2024-11-20,2024-11-24,COMPLETED,603000.0,603000.0,578739.63,100.0,100.0,13.228278,77.55696,Gram Hanuman Chowk,Ward 24,Bengaluru Rural Block 4,Zila Parishad Engineering Wing,Registered Contractor V-101 Pvt Ltd,2024-11-07,True,True,True,True,True,OFFICIAL_ESAKSHI_DATA
MPLAD-RA-2024-0010,MANJU SHARMA,Rajasthan,Jaipur,JAIPUR,Construction of Community RO Water Filtration Plant at Shivaji Nagar,Drinking Water & Tube Wells,Standard infrastructure project under MPLADS guidelines for drinking water & tube wells to improve citizen access and public amenity.,2024-02-21,2024-03-28,2024-04-28,2024-11-15,,IN_PROGRESS,917000.0,917000.0,815213.0,82.9,88.9,26.94556,75.76624,Gram Shastri Colony,Ward 21,Jaipur Block 3,Public Health Engineering Department (PHED),Registered Contractor V-171 Pvt Ltd,2026-07-17,False,True,False,True,True,OFFICIAL_ESAKSHI_DATA
MPLAD-UT-2024-0011,Rajnath Singh,Uttar Pradesh,Lucknow,LUCKNOW,"Construction of CC Road from Bus Stand to Hanuman Chowk, Ward 4",Road Works,Standard infrastructure project under MPLADS guidelines for road works to improve citizen access and public amenity.,2024-01-26,2024-03-07,2024-03-22,2024-09-03,,IN_PROGRESS,1758000.0,1758000.0,938772.0,60.3,53.4,26.846228,80.90918,Gram Navodaya Vidyalaya,Ward 11,Lucknow Block 1,Public Works Department (PWD) Rural,Registered Contractor V-129 Pvt Ltd,2026-07-19,False,False,False,True,True,OFFICIAL_ESAKSHI_DATA
MPLAD-MA-2024-0012,Nitin Jairam Gadkari,Maharashtra,Nagpur,NAGPUR,"Construction of Separate Girls Sanitation Facility at Govt High School, Hanuman Chowk",School Infrastructure & Classrooms,Standard infrastructure project under MPLADS guidelines for school infrastructure & classrooms to improve citizen access and public amenity.,2024-02-12,2024-04-08,2024-05-11,2024-10-08,2024-10-19,COMPLETED,1415000.0,1415000.0,1421609.5,100.0,100.0,21.10307,79.09551,Gram Primary Health Center,Ward 14,Nagpur Block 4,Public Works Department (PWD) Rural,Registered Contractor V-170 Pvt Ltd,2024-09-21,True,True,True,True,True,OFFICIAL_ESAKSHI_DATA
MPLAD-UT-2024-0013,Shri Narendra Modi,Uttar Pradesh,Varanasi,VARANASI,Development of Approach Road connecting Railway Crossing Main Gate,Road Works,Standard infrastructure project under MPLADS guidelines for road works to improve citizen access and public amenity.,2024-07-14,2024-08-24,2024-10-03,2025-04-21,2025-04-18,COMPLETED,1406000.0,1406000.0,1373851.67,100.0,100.0,25.325252,83.004762,Gram Panchayat Bhavan,Ward 9,Varanasi Block 4,Gram Panchayat Works Division,Registered Contractor V-152 Pvt Ltd,2025-04-13,True,True,True,True,True,OFFICIAL_ESAKSHI_DATA
MPLAD-MA-2024-0014,MURLIDHAR MOHOL,Maharashtra,Pune,PUNE,"Construction of Separate Girls Sanitation Facility at Govt High School, Railway Crossing",School Infrastructure & Classrooms,Standard infrastructure project under MPLADS guidelines for school infrastructure & classrooms to improve citizen access and public amenity.,2024-01-22,2024-03-16,2024-04-26,2024-07-26,,IN_PROGRESS,2085000.0,2085000.0,1555410.0,57.8,74.6,18.464985,73.840578,Gram Main Chauraha,Ward 2,Pune Block 2,Zila Parishad Engineering Wing,Registered Contractor V-113 Pvt Ltd,2026-06-20,False,False,False,False,True,OFFICIAL_ESAKSHI_DATA
MPLAD-UT-2024-0015,Shri Narendra Modi,Uttar Pradesh,Varanasi,VARANASI,"Construction of 2 Additional Classrooms in Govt Upper Primary School, Bus Stand",School Infrastructure & Classrooms,Standard infrastructure project under MPLADS guidelines for school infrastructure & classrooms to improve citizen access and public amenity.,2024-03-23,2024-05-09,2024-06-15,2024-12-15,,IN_PROGRESS,1922000.0,1922000.0,1199328.0,46.7,62.4,25.329627,82.912194,Gram Shivaji Nagar,Ward 11,Varanasi Block 1,District Urban Development Agency (DUDA),Registered Contractor V-159 Pvt Ltd,2026-06-21,False,False,False,True,True,OFFICIAL_ESAKSHI_DATA
MPLAD-RA-2024-0016,Gajendra Singh Shekhawat,Rajasthan,Jodhpur,JODHPUR,Development of Community Sanitary Complex with Septic Facility,Public Sanitation & Drainage,Standard infrastructure project under MPLADS guidelines for public sanitation & drainage to improve citizen access and public amenity.,2024-01-24,2024-03-16,2024-04-02,2024-10-17,2024-11-14,COMPLETED,698000.0,698000.0,663485.44,100.0,100.0,26.225422,73.000608,Gram Ambedkar Nagar,Ward 20,Jodhpur Block 1,Zila Parishad Engineering Wing,Registered Contractor V-121 Pvt Ltd,2024-10-13,True,True,True,True,True,OFFICIAL_ESAKSHI_DATA
MPLAD-RA-2024-0017,Gajendra Singh Shekhawat,Rajasthan,Jodhpur,JODHPUR,"Construction of Underground Drainage System at Railway Crossing, Ward 20",Public Sanitation & Drainage,Standard infrastructure project under MPLADS guidelines for public sanitation & drainage to improve citizen access and public amenity.,2024-03-30,2024-05-05,2024-05-26,2024-11-17,,IN_PROGRESS,720000.0,720000.0,272160.0,39.3,37.8,26.259274,73.055371,Gram Ram Mandir,Ward 15,Jodhpur Block 5,Zila Parishad Engineering Wing,Registered Contractor V-167 Pvt Ltd,2026-07-20,False,False,False,True,True,OFFICIAL_ESAKSHI_DATA
MPLAD-RA-2024-0018,MANJU SHARMA,Rajasthan,Jaipur,JAIPUR,"Construction of Underground Drainage System at Shivaji Nagar, Ward 35",Public Sanitation & Drainage,Standard infrastructure project under MPLADS guidelines for public sanitation & drainage to improve citizen access and public amenity.,2024-03-17,2024-04-14,2024-05-28,2024-10-09,,IN_PROGRESS,601000.0,601000.0,417094.0,56.4,69.4,26.938825,75.780049,Gram Shastri Colony,Ward 27,Jaipur Block 5,Public Works Department (PWD) Rural,Registered Contractor V-165 Pvt Ltd,2026-06-20,False,False,False,False,True,OFFICIAL_ESAKSHI_DATA
MPLAD-KA-2024-0019,DR C N MANJUNATH,Karnataka,Bengaluru Rural,BANGALORE RURAL,Sinking of Deep Borewell with Overhead Storage Tank near Shivaji Nagar,Drinking Water & Tube Wells,Standard infrastructure project under MPLADS guidelines for drinking water & tube wells to improve citizen access and public amenity.,2024-08-24,2024-09-19,2024-10-27,2025-04-05,2025-04-28,COMPLETED,734000.0,734000.0,721168.46,100.0,100.0,13.171215,77.613488,Gram Shastri Colony,Ward 21,Bengaluru Rural Block 3,District Urban Development Agency (DUDA),Registered Contractor V-115 Pvt Ltd,2025-03-25,True,True,True,True,True,OFFICIAL_ESAKSHI_DATA
MPLAD-UT-2024-0020,Rajnath Singh,Uttar Pradesh,Lucknow,LUCKNOW,Development of Approach Road connecting Panchayat Bhavan Main Gate,Road Works,Standard infrastructure project under MPLADS guidelines for road works to improve citizen access and public amenity.,2024-08-09,2024-09-15,2024-10-01,2024-12-30,2025-01-24,COMPLETED,1860000.0,1860000.0,1932021.57,100.0,100.0,26.832337,80.974638,Gram Gandhi Park,Ward 23,Lucknow Block 4,Gram Panchayat Works Division,Registered Contractor V-155 Pvt Ltd,2024-12-24,True,True,True,True,True,OFFICIAL_ESAKSHI_DATA
MPLAD-RA-2024-0021,MANJU SHARMA,Rajasthan,Jaipur,JAIPUR,"Construction of CC Road from Primary Health Center to Main Chauraha, Ward 20",Road Works,Standard infrastructure project under MPLADS guidelines for road works to improve citizen access and public amenity.,2024-01-19,2024-03-02,2024-04-04,2024-09-11,2024-08-29,COMPLETED,1787000.0,1787000.0,1797950.24,100.0,100.0,26.876076,75.784647,Gram Main Chauraha,Ward 12,Jaipur Block 2,Public Works Department (PWD) Rural,Registered Contractor V-170 Pvt Ltd,2024-09-05,True,True,True,True,True,OFFICIAL_ESAKSHI_DATA
MPLAD-MA-2024-0022,MURLIDHAR MOHOL,Maharashtra,Pune,PUNE,Erection of Senior Citizen Pavilion at Ram Mandir Panchayat,Community Hall & Cultural Centers,Standard infrastructure project under MPLADS guidelines for community hall & cultural centers to improve citizen access and public amenity.,2024-06-16,2024-07-15,2024-08-28,2025-03-25,2025-03-21,COMPLETED,2851000.0,2851000.0,2857481.13,100.0,100.0,18.548246,73.855446,Gram Kisan Mandi,Ward 30,Pune Block 4,Zila Parishad Engineering Wing,Registered Contractor V-153 Pvt Ltd,2025-03-18,True,True,True,True,True,OFFICIAL_ESAKSHI_DATA
MPLAD-MA-2024-0023,Nitin Jairam Gadkari,Maharashtra,Nagpur,NAGPUR,Sinking of Deep Borewell with Overhead Storage Tank near Navodaya Vidyalaya,Drinking Water & Tube Wells,Standard infrastructure project under MPLADS guidelines for drinking water & tube wells to improve citizen access and public amenity.,2024-08-20,2024-09-11,2024-10-23,2025-03-22,2025-03-29,COMPLETED,622000.0,622000.0,622533.1,100.0,100.0,21.131848,79.08607,Gram Bus Stand,Ward 1,Nagpur Block 6,Gram Panchayat Works Division,Registered Contractor V-149 Pvt Ltd,2025-03-06,True,True,True,True,True,OFFICIAL_ESAKSHI_DATA
MPLAD-MA-2024-0024,Nitin Jairam Gadkari,Maharashtra,Nagpur,NAGPUR,Erection of Senior Citizen Pavilion at Hanuman Chowk Panchayat,Community Hall & Cultural Centers,Standard infrastructure project under MPLADS guidelines for community hall & cultural centers to improve citizen access and public amenity.,2024-07-25,2024-08-31,2024-09-26,2025-03-17,,IN_PROGRESS,2503000.0,2503000.0,1767118.0,65.8,70.6,21.182287,79.080511,Gram Panchayat Bhavan,Ward 19,Nagpur Block 3,District Urban Development Agency (DUDA),Registered Contractor V-109 Pvt Ltd,2026-07-31,False,False,False,True,True,OFFICIAL_ESAKSHI_DATA
MPLAD-RA-2024-0025,MANJU SHARMA,Rajasthan,Jaipur,JAIPUR,"Construction of Underground Drainage System at Shivaji Nagar, Ward 3",Public Sanitation & Drainage,Standard infrastructure project under MPLADS guidelines for public sanitation & drainage to improve citizen access and public amenity.,2024-07-14,2024-08-23,2024-09-20,2025-03-06,,IN_PROGRESS,587000.0,587000.0,297609.0,33.5,50.7,26.964126,75.769161,Gram Gandhi Park,Ward 30,Jaipur Block 5,Public Health Engineering Department (PHED),Registered Contractor V-145 Pvt Ltd,2026-06-18,False,False,False,False,True,OFFICIAL_ESAKSHI_DATA
MPLAD-MA-2024-0026,Nitin Jairam Gadkari,Maharashtra,Nagpur,NAGPUR,"Modernization of School Boundary Wall and Playground, Ward 20",School Infrastructure & Classrooms,Standard infrastructure project under MPLADS guidelines for school infrastructure & classrooms to improve citizen access and public amenity.,2024-06-17,2024-07-27,2024-09-01,2025-03-18,2025-04-04,COMPLETED,1923000.0,1923000.0,1981396.14,100.0,100.0,21.128239,79.120239,Gram Market Yard,Ward 23,Nagpur Block 3,Gram Panchayat Works Division,Registered Contractor V-143 Pvt Ltd,2025-03-07,True,True,True,True,True,OFFICIAL_ESAKSHI_DATA
MPLAD-MA-2024-0027,MURLIDHAR MOHOL,Maharashtra,Pune,PUNE,Development of Science Laboratory & Smart Classroom at Railway Crossing,School Infrastructure & Classrooms,Standard infrastructure project under MPLADS guidelines for school infrastructure & classrooms to improve citizen access and public amenity.,2024-06-15,2024-08-10,2024-09-03,2025-01-22,,IN_PROGRESS,1781000.0,1781000.0,391820.0,25.0,22.0,18.568415,73.862844,Gram Gandhi Park,Ward 16,Pune Block 6,Public Health Engineering Department (PHED),Registered Contractor V-123 Pvt Ltd,2026-07-28,False,False,False,True,True,OFFICIAL_ESAKSHI_DATA
MPLAD-MA-2024-0028,MURLIDHAR MOHOL,Maharashtra,Pune,PUNE,Construction of Community Welfare Center at Panchayat Bhavan,Community Hall & Cultural Centers,Standard infrastructure project under MPLADS guidelines for community hall & cultural centers to improve citizen access and public amenity.,2024-04-04,2024-04-29,2024-06-09,2024-12-12,2024-12-11,COMPLETED,2294000.0,2294000.0,2277278.53,100.0,100.0,18.543959,73.847718,Gram Bus Stand,Ward 16,Pune Block 5,Zila Parishad Engineering Wing,Registered Contractor V-180 Pvt Ltd,2024-12-01,True,True,True,True,True,OFFICIAL_ESAKSHI_DATA
MPLAD-RA-2024-0029,Gajendra Singh Shekhawat,Rajasthan,Jodhpur,JODHPUR,"Construction of Separate Girls Sanitation Facility at Govt High School, Bus Stand",School Infrastructure & Classrooms,Standard infrastructure project under MPLADS guidelines for school infrastructure & classrooms to improve citizen access and public amenity.,2024-07-11,2024-08-24,2024-09-23,2025-02-11,2025-02-02,COMPLETED,1851000.0,1851000.0,1835712.78,100.0,100.0,26.249264,73.033437,Gram Ram Mandir,Ward 18,Jodhpur Block 2,Zila Parishad Engineering Wing,Registered Contractor V-125 Pvt Ltd,2025-02-09,True,True,True,True,True,OFFICIAL_ESAKSHI_DATA
MPLAD-RA-2024-0030,Gajendra Singh Shekhawat,Rajasthan,Jodhpur,JODHPUR,Construction of Community RO Water Filtration Plant at Main Chauraha,Drinking Water & Tube Wells,Standard infrastructure project under MPLADS guidelines for drinking water & tube wells to improve citizen access and public amenity.,2024-06-01,2024-07-29,2024-08-23,2025-02-25,,IN_PROGRESS,724000.0,724000.0,464808.0,48.4,64.2,26.230689,73.010457,Gram Railway Crossing,Ward 9,Jodhpur Block 2,Public Health Engineering Department (PHED),Registered Contractor V-168 Pvt Ltd,2026-05-29,False,False,False,False,True,OFFICIAL_ESAKSHI_DATA
MPLAD-KA-2024-0031,YADUVEER KRISHNADATTA CHAMARAJA WADIYAR,Karnataka,Mysuru,MYSORE,Construction of Community RO Water Filtration Plant at Panchayat Bhavan,Drinking Water & Tube Wells,Standard infrastructure project under MPLADS guidelines for drinking water & tube wells to improve citizen access and public amenity.,2024-01-29,2024-03-07,2024-03-29,2024-07-31,2024-07-21,COMPLETED,769000.0,769000.0,784612.16,100.0,100.0,12.311653,76.633588,Gram Shivaji Nagar,Ward 5,Mysuru Block 6,District Urban Development Agency (DUDA),Registered Contractor V-157 Pvt Ltd,2024-07-12,True,True,True,True,True,OFFICIAL_ESAKSHI_DATA
MPLAD-MA-2024-0032,MURLIDHAR MOHOL,Maharashtra,Pune,PUNE,"Construction of Separate Girls Sanitation Facility at Govt High School, Navodaya Vidyalaya",School Infrastructure & Classrooms,Standard infrastructure project under MPLADS guidelines for school infrastructure & classrooms to improve citizen access and public amenity.,2024-05-27,2024-07-15,2024-08-12,2024-11-17,2024-11-26,COMPLETED,1833000.0,1833000.0,1917766.59,100.0,100.0,18.449619,73.865714,Gram Railway Crossing,Ward 1,Pune Block 3,Public Health Engineering Department (PHED),Registered Contractor V-143 Pvt Ltd,2024-11-02,True,True,True,True,True,OFFICIAL_ESAKSHI_DATA
MPLAD-KA-2024-0033,YADUVEER KRISHNADATTA CHAMARAJA WADIYAR,Karnataka,Mysuru,MYSORE,"Construction of Separate Girls Sanitation Facility at Govt High School, Shastri Colony",School Infrastructure & Classrooms,Standard infrastructure project under MPLADS guidelines for school infrastructure & classrooms to improve citizen access and public amenity.,2024-08-01,2024-09-28,2024-11-10,2025-03-08,,IN_PROGRESS,1612000.0,1612000.0,664144.0,41.4,41.2,12.295151,76.580827,Gram Shivaji Nagar,Ward 6,Mysuru Block 4,Zila Parishad Engineering Wing,Registered Contractor V-170 Pvt Ltd,2026-07-29,False,False,False,True,True,OFFICIAL_ESAKSHI_DATA
MPLAD-MA-2024-0034,MURLIDHAR MOHOL,Maharashtra,Pune,PUNE,"Construction of Separate Girls Sanitation Facility at Govt High School, Primary Health Center",School Infrastructure & Classrooms,Standard infrastructure project under MPLADS guidelines for school infrastructure & classrooms to improve citizen access and public amenity.,2024-06-27,2024-07-18,2024-08-04,2025-01-23,,IN_PROGRESS,1754000.0,1754000.0,1271650.0,77.0,72.5,18.485659,73.860282,Gram Primary Health Center,Ward 11,Pune Block 4,Zila Parishad Engineering Wing,Registered Contractor V-173 Pvt Ltd,2026-08-02,False,False,False,True,True,OFFICIAL_ESAKSHI_DATA
MPLAD-KA-2024-0035,YADUVEER KRISHNADATTA CHAMARAJA WADIYAR,Karnataka,Mysuru,MYSORE,"Development of Multipurpose Cultural Hall, Ward 3",Community Hall & Cultural Centers,Standard infrastructure project under MPLADS guidelines for community hall & cultural centers to improve citizen access and public amenity.,2024-01-14,2024-03-08,2024-03-24,2024-08-05,2024-08-31,COMPLETED,2538000.0,2538000.0,2471900.81,100.0,100.0,12.272729,76.639538,Gram Bus Stand,Ward 27,Mysuru Block 1,Gram Panchayat Works Division,Registered Contractor V-161 Pvt Ltd,2024-08-01,True,True,True,True,True,OFFICIAL_ESAKSHI_DATA
MPLAD-MA-2024-0036,MURLIDHAR MOHOL,Maharashtra,Pune,PUNE,Sinking of Deep Borewell with Overhead Storage Tank near Kisan Mandi,Drinking Water & Tube Wells,Standard infrastructure project under MPLADS guidelines for drinking water & tube wells to improve citizen access and public amenity.,2024-06-02,2024-07-05,2024-08-03,2025-01-29,2025-01-24,COMPLETED,645000.0,645000.0,676324.45,100.0,100.0,18.511334,73.855485,Gram Govt Hospital,Ward 4,Pune Block 5,Public Health Engineering Department (PHED),Registered Contractor V-115 Pvt Ltd,2025-01-16,True,True,True,True,True,OFFICIAL_ESAKSHI_DATA
MPLAD-RA-2024-0037,Gajendra Singh Shekhawat,Rajasthan,Jodhpur,JODHPUR,"Construction of Underground Drainage System at Navodaya Vidyalaya, Ward 20",Public Sanitation & Drainage,Standard infrastructure project under MPLADS guidelines for public sanitation & drainage to improve citizen access and public amenity.,2024-07-11,2024-08-12,2024-08-29,2025-02-10,,IN_PROGRESS,590000.0,590000.0,336300.0,62.6,57.0,26.265755,72.984057,Gram Kisan Mandi,Ward 19,Jodhpur Block 1,Public Health Engineering Department (PHED),Registered Contractor V-151 Pvt Ltd,2026-07-17,False,False,False,True,True,OFFICIAL_ESAKSHI_DATA
MPLAD-KA-2024-0038,YADUVEER KRISHNADATTA CHAMARAJA WADIYAR,Karnataka,Mysuru,MYSORE,Construction of B.R. Ambedkar Community Bhavan near Shivaji Nagar,Community Hall & Cultural Centers,Standard infrastructure project under MPLADS guidelines for community hall & cultural centers to improve citizen access and public amenity.,2024-06-23,2024-08-03,2024-08-18,2025-03-04,,IN_PROGRESS,2799000.0,2799000.0,1497465.0,54.4,53.5,12.32286,76.611336,Gram Panchayat Bhavan,Ward 24,Mysuru Block 5,Gram Panchayat Works Division,Registered Contractor V-165 Pvt Ltd,2026-07-30,False,False,False,True,True,OFFICIAL_ESAKSHI_DATA
MPLAD-KA-2024-0039,YADUVEER KRISHNADATTA CHAMARAJA WADIYAR,Karnataka,Mysuru,MYSORE,"Construction of Separate Girls Sanitation Facility at Govt High School, Ambedkar Nagar",School Infrastructure & Classrooms,Standard infrastructure project under MPLADS guidelines for school infrastructure & classrooms to improve citizen access and public amenity.,2024-03-18,2024-04-27,2024-06-08,2024-10-07,,IN_PROGRESS,1654000.0,1654000.0,587170.0,30.2,35.5,12.344982,76.688131,Gram Primary Health Center,Ward 1,Mysuru Block 4,Public Health Engineering Department (PHED),Registered Contractor V-176 Pvt Ltd,2026-08-03,False,False,False,True,True,OFFICIAL_ESAKSHI_DATA
MPLAD-KA-2024-0040,DR C N MANJUNATH,Karnataka,Bengaluru Rural,BANGALORE RURAL,"Construction of Separate Girls Sanitation Facility at Govt High School, Bus Stand",School Infrastructure & Classrooms,Standard infrastructure project under MPLADS guidelines for school infrastructure & classrooms to improve citizen access and public amenity.,2024-08-01,2024-09-06,2024-10-01,2025-02-03,,IN_PROGRESS,2055000.0,2055000.0,1298760.0,51.0,63.2,13.226691,77.55773,Gram Railway Crossing,Ward 18,Bengaluru Rural Block 2,Public Works Department (PWD) Rural,Registered Contractor V-146 Pvt Ltd,2026-06-30,False,False,False,True,True,OFFICIAL_ESAKSHI_DATA
MPLAD-UT-2024-0041,Rajnath Singh,Uttar Pradesh,Lucknow,LUCKNOW,"Construction of Separate Girls Sanitation Facility at Govt High School, Gandhi Park",School Infrastructure & Classrooms,Standard infrastructure project under MPLADS guidelines for school infrastructure & classrooms to improve citizen access and public amenity.,2024-03-25,2024-04-28,2024-05-25,2024-11-19,2024-11-27,COMPLETED,1852000.0,1852000.0,1801347.02,100.0,100.0,26.906431,80.976776,Gram Shivaji Nagar,Ward 18,Lucknow Block 3,Gram Panchayat Works Division,Registered Contractor V-112 Pvt Ltd,2024-10-30,True,True,True,True,True,OFFICIAL_ESAKSHI_DATA
MPLAD-RJ-2024-0042,MANJU SHARMA,Rajasthan,Jaipur,JAIPUR,"Construction of CC Road from Main Temple to Bus Stand, Ward 4",Road Works,Construction of 600m concrete cement carriageway connecting main road to bus stand.,2024-02-10,2024-03-15,2024-01-10,2024-04-15,,STALLED,3135000.0,3135000.0,2570700.0,44.0,82.0,26.915,75.79,Sanganer Rural,Ward 4,Ward 4 Commercial Belt,Gram Panchayat Works Division,Apex Infrastructures Pvt Ltd,2024-05-30,False,False,False,False,False,OFFICIAL_ESAKSHI_DATA
MPLAD-KA-2024-0043,DR C N MANJUNATH,Karnataka,Bengaluru Rural,BANGALORE RURAL,Construction of Community RO Water Filtration Plant at Shivaji Nagar,Drinking Water & Tube Wells,Standard infrastructure project under MPLADS guidelines for drinking water & tube wells to improve citizen access and public amenity.,2024-04-11,2024-05-12,2024-06-05,2024-09-04,,IN_PROGRESS,715000.0,715000.0,187330.0,32.6,26.2,13.245719,77.569367,Gram Hanuman Chowk,Ward 28,Bengaluru Rural Block 1,District Urban Development Agency (DUDA),Registered Contractor V-130 Pvt Ltd,2026-08-09,False,False,False,True,True,OFFICIAL_ESAKSHI_DATA
MPLAD-KA-2024-0044,YADUVEER KRISHNADATTA CHAMARAJA WADIYAR,Karnataka,Mysuru,MYSORE,"Modernization of School Boundary Wall and Playground, Ward 4",School Infrastructure & Classrooms,Standard infrastructure project under MPLADS guidelines for school infrastructure & classrooms to improve citizen access and public amenity.,2024-02-26,2024-03-20,2024-04-12,2024-11-08,,IN_PROGRESS,1973000.0,1973000.0,866147.0,33.4,43.9,12.264807,76.626914,Gram Hanuman Chowk,Ward 8,Mysuru Block 1,Public Health Engineering Department (PHED),Registered Contractor V-144 Pvt Ltd,2026-05-30,False,False,False,True,True,OFFICIAL_ESAKSHI_DATA
MPLAD-UT-2024-0045,Shri Narendra Modi,Uttar Pradesh,Varanasi,VARANASI,Development of Community Sanitary Complex with Septic Facility,Public Sanitation & Drainage,Standard infrastructure project under MPLADS guidelines for public sanitation & drainage to improve citizen access and public amenity.,2024-08-29,2024-10-16,2024-11-09,2025-05-28,,IN_PROGRESS,756000.0,756000.0,390852.0,50.7,51.7,25.354135,82.992326,Gram Govt Hospital,Ward 22,Varanasi Block 1,Public Health Engineering Department (PHED),Registered Contractor V-158 Pvt Ltd,2026-08-09,False,False,False,True,True,OFFICIAL_ESAKSHI_DATA
MPLAD-MA-2024-0046,MURLIDHAR MOHOL,Maharashtra,Pune,PUNE,Construction of Community RO Water Filtration Plant at Shivaji Nagar,Drinking Water & Tube Wells,Standard infrastructure project under MPLADS guidelines for drinking water & tube wells to improve citizen access and public amenity.,2024-02-19,2024-03-10,2024-04-07,2024-09-01,,IN_PROGRESS,731000.0,731000.0,341377.0,53.2,46.7,18.609271,73.845343,Gram Hanuman Chowk,Ward 22,Pune Block 2,Zila Parishad Engineering Wing,Registered Contractor V-110 Pvt Ltd,2026-08-01,False,False,False,True,True,OFFICIAL_ESAKSHI_DATA
MPLAD-KA-2024-0047,DR C N MANJUNATH,Karnataka,Bengaluru Rural,BANGALORE RURAL,"Construction of Separate Girls Sanitation Facility at Govt High School, Railway Crossing",School Infrastructure & Classrooms,Standard infrastructure project under MPLADS guidelines for school infrastructure & classrooms to improve citizen access and public amenity.,2024-03-07,2024-04-05,2024-05-19,2024-09-20,,IN_PROGRESS,2138000.0,2138000.0,525948.0,29.3,24.6,13.173599,77.616675,Gram Shivaji Nagar,Ward 10,Bengaluru Rural Block 6,Gram Panchayat Works Division,Registered Contractor V-170 Pvt Ltd,2026-08-01,False,False,False,True,True,OFFICIAL_ESAKSHI_DATA
MPLAD-UT-2024-0048,Rajnath Singh,Uttar Pradesh,Lucknow,LUCKNOW,"Construction of Underground Drainage System at Shastri Colony, Ward 15",Public Sanitation & Drainage,Standard infrastructure project under MPLADS guidelines for public sanitation & drainage to improve citizen access and public amenity.,2024-05-01,2024-05-26,2024-06-29,2024-10-02,,IN_PROGRESS,745000.0,745000.0,497660.0,52.0,66.8,26.81635,80.967817,Gram Kisan Mandi,Ward 22,Lucknow Block 3,Zila Parishad Engineering Wing,Registered Contractor V-164 Pvt Ltd,2026-06-29,False,False,False,True,True,OFFICIAL_ESAKSHI_DATA
MPLAD-RA-2024-0049,MANJU SHARMA,Rajasthan,Jaipur,JAIPUR,"Modernization of School Boundary Wall and Playground, Ward 23",School Infrastructure & Classrooms,Standard infrastructure project under MPLADS guidelines for school infrastructure & classrooms to improve citizen access and public amenity.,2024-08-31,2024-10-07,2024-10-27,2025-04-09,,IN_PROGRESS,1889000.0,1889000.0,1520645.0,73.9,80.5,26.92032,75.816959,Gram Shastri Colony,Ward 4,Jaipur Block 2,Zila Parishad Engineering Wing,Registered Contractor V-157 Pvt Ltd,2026-07-26,False,True,False,True,True,OFFICIAL_ESAKSHI_DATA
MPLAD-KA-2024-0050,YADUVEER KRISHNADATTA CHAMARAJA WADIYAR,Karnataka,Mysuru,MYSORE,"Construction of 2 Additional Classrooms in Govt Upper Primary School, Kisan Mandi",School Infrastructure & Classrooms,Standard infrastructure project under MPLADS guidelines for school infrastructure & classrooms to improve citizen access and public amenity.,2024-08-05,2024-09-29,2024-10-15,2025-03-12,2025-03-17,COMPLETED,2144000.0,2144000.0,2084883.34,100.0,100.0,12.25321,76.676127,Gram Shastri Colony,Ward 28,Mysuru Block 5,District Urban Development Agency (DUDA),Registered Contractor V-152 Pvt Ltd,2025-03-02,True,True,True,True,True,OFFICIAL_ESAKSHI_DATA
MPLAD-UT-2024-0051,Rajnath Singh,Uttar Pradesh,Lucknow,LUCKNOW,Development of Approach Road connecting Main Chauraha Main Gate,Road Works,Standard infrastructure project under MPLADS guidelines for road works to improve citizen access and public amenity.,2024-04-11,2024-06-09,2024-07-18,2024-12-18,,IN_PROGRESS,1822000.0,1822000.0,1209808.0,70.6,66.4,26.812586,80.973748,Gram Main Chauraha,Ward 23,Lucknow Block 4,Public Works Department (PWD) Rural,Registered Contractor V-167 Pvt Ltd,2026-07-24,False,False,False,True,True,OFFICIAL_ESAKSHI_DATA
MPLAD-RA-2024-0052,MANJU SHARMA,Rajasthan,Jaipur,JAIPUR,Development of Community Sanitary Complex with Septic Facility,Public Sanitation & Drainage,Standard infrastructure project under MPLADS guidelines for public sanitation & drainage to improve citizen access and public amenity.,2024-03-29,2024-05-23,2024-06-07,2024-11-14,,IN_PROGRESS,682000.0,682000.0,295306.0,38.5,43.3,26.883676,75.821018,Gram Railway Crossing,Ward 30,Jaipur Block 6,Public Works Department (PWD) Rural,Registered Contractor V-121 Pvt Ltd,2026-08-07,False,False,False,True,True,OFFICIAL_ESAKSHI_DATA
MPLAD-KA-2024-0053,YADUVEER KRISHNADATTA CHAMARAJA WADIYAR,Karnataka,Mysuru,MYSORE,"Modernization of School Boundary Wall and Playground, Ward 9",School Infrastructure & Classrooms,Standard infrastructure project under MPLADS guidelines for school infrastructure & classrooms to improve citizen access and public amenity.,2024-03-12,2024-04-30,2024-06-01,2024-09-17,,IN_PROGRESS,1796000.0,1796000.0,1443984.0,80.3,80.4,12.324572,76.705788,Gram Kisan Mandi,Ward 26,Mysuru Block 4,Public Health Engineering Department (PHED),Registered Contractor V-161 Pvt Ltd,2026-07-13,False,True,False,True,True,OFFICIAL_ESAKSHI_DATA
MPLAD-KA-2024-0054,YADUVEER KRISHNADATTA CHAMARAJA WADIYAR,Karnataka,Mysuru,MYSORE,Laying of Interlocking Tile Road at Gandhi Park Sector 22,Road Works,Standard infrastructure project under MPLADS guidelines for road works to improve citizen access and public amenity.,2024-08-11,2024-10-07,2024-11-09,2025-05-02,,IN_PROGRESS,1443000.0,1443000.0,496392.0,33.9,34.4,12.269419,76.608267,Gram Market Yard,Ward 15,Mysuru Block 3,District Urban Development Agency (DUDA),Registered Contractor V-139 Pvt Ltd,2026-07-30,False,False,False,True,True,OFFICIAL_ESAKSHI_DATA
MPLAD-MA-2024-0055,MURLIDHAR MOHOL,Maharashtra,Pune,PUNE,Development of Community Sanitary Complex with Septic Facility,Public Sanitation & Drainage,Standard infrastructure project under MPLADS guidelines for public sanitation & drainage to improve citizen access and public amenity.,2024-08-16,2024-10-01,2024-10-17,2025-02-24,,IN_PROGRESS,672000.0,672000.0,481824.0,67.3,71.7,18.517701,73.86864,Gram Gandhi Park,Ward 19,Pune Block 3,Public Health Engineering Department (PHED),Registered Contractor V-130 Pvt Ltd,2026-07-29,False,False,False,True,True,OFFICIAL_ESAKSHI_DATA
MPLAD-RA-2024-0056,Gajendra Singh Shekhawat,Rajasthan,Jodhpur,JODHPUR,Development of Approach Road connecting Ambedkar Nagar Main Gate,Road Works,Standard infrastructure project under MPLADS guidelines for road works to improve citizen access and public amenity.,2024-01-13,2024-02-11,2024-03-10,2024-09-27,,IN_PROGRESS,1879000.0,1879000.0,636981.0,34.3,33.9,26.267851,73.024755,Gram Shastri Colony,Ward 3,Jodhpur Block 3,Zila Parishad Engineering Wing,Registered Contractor V-159 Pvt Ltd,2026-08-02,False,False,False,True,True,OFFICIAL_ESAKSHI_DATA
MPLAD-UT-2024-0057,Rajnath Singh,Uttar Pradesh,Lucknow,LUCKNOW,"Construction of 2 Additional Classrooms in Govt Upper Primary School, Hanuman Chowk",School Infrastructure & Classrooms,Standard infrastructure project under MPLADS guidelines for school infrastructure & classrooms to improve citizen access and public amenity.,2024-06-16,2024-07-10,2024-08-01,2025-01-18,,IN_PROGRESS,1989000.0,1989000.0,763776.0,42.2,38.4,26.837437,81.041406,Gram Railway Crossing,Ward 6,Lucknow Block 6,Zila Parishad Engineering Wing,Registered Contractor V-105 Pvt Ltd,2026-08-08,False,False,False,True,True,OFFICIAL_ESAKSHI_DATA
MPLAD-KA-2024-0058,DR C N MANJUNATH,Karnataka,Bengaluru Rural,BANGALORE RURAL,Laying of Interlocking Tile Road at Panchayat Bhavan Sector 12,Road Works,Standard infrastructure project under MPLADS guidelines for road works to improve citizen access and public amenity.,2024-03-25,2024-05-06,2024-06-01,2024-10-24,2024-11-04,COMPLETED,1693000.0,1693000.0,1767569.64,100.0,100.0,13.193999,77.537519,Gram Navodaya Vidyalaya,Ward 13,Bengaluru Rural Block 5,District Urban Development Agency (DUDA),Registered Contractor V-108 Pvt Ltd,2024-10-06,True,True,True,True,True,OFFICIAL_ESAKSHI_DATA
MPLAD-MA-2024-0059,Nitin Jairam Gadkari,Maharashtra,Nagpur,NAGPUR,Development of Community Sanitary Complex with Septic Facility,Public Sanitation & Drainage,Standard infrastructure project under MPLADS guidelines for public sanitation & drainage to improve citizen access and public amenity.,2024-05-07,2024-07-06,2024-07-29,2024-12-24,2025-01-07,COMPLETED,615000.0,615000.0,607933.51,100.0,100.0,21.141455,79.114112,Gram Hanuman Chowk,Ward 15,Nagpur Block 3,Public Works Department (PWD) Rural,Registered Contractor V-130 Pvt Ltd,2024-12-22,True,True,True,True,True,OFFICIAL_ESAKSHI_DATA
MPLAD-KA-2024-0060,YADUVEER KRISHNADATTA CHAMARAJA WADIYAR,Karnataka,Mysuru,MYSORE,Erection of Senior Citizen Pavilion at Ambedkar Nagar Panchayat,Community Hall & Cultural Centers,Standard infrastructure project under MPLADS guidelines for community hall & cultural centers to improve citizen access and public amenity.,2024-02-29,2024-04-13,2024-05-25,2024-10-23,2024-11-13,COMPLETED,2647000.0,2647000.0,2559514.73,100.0,100.0,12.322997,76.623772,Gram Ram Mandir,Ward 27,Mysuru Block 6,Public Health Engineering Department (PHED),Registered Contractor V-139 Pvt Ltd,2024-10-09,True,True,True,True,True,OFFICIAL_ESAKSHI_DATA
MPLAD-UT-2024-0061,Rajnath Singh,Uttar Pradesh,Lucknow,LUCKNOW,Upgradation and Tarring of Rural Link Road near Bus Stand,Road Works,Standard infrastructure project under MPLADS guidelines for road works to improve citizen access and public amenity.,2024-08-30,2024-10-27,2024-12-04,2025-05-06,,IN_PROGRESS,1721000.0,1721000.0,1430151.0,79.2,83.1,26.871554,80.949437,Gram Ambedkar Nagar,Ward 9,Lucknow Block 6,Zila Parishad Engineering Wing,Registered Contractor V-107 Pvt Ltd,2026-08-03,False,True,False,True,True,OFFICIAL_ESAKSHI_DATA
MPLAD-MA-2024-0062,MURLIDHAR MOHOL,Maharashtra,Pune,PUNE,Upgradation and Tarring of Rural Link Road near Panchayat Bhavan,Road Works,Standard infrastructure project under MPLADS guidelines for road works to improve citizen access and public amenity.,2024-01-18,2024-03-15,2024-04-10,2024-10-10,2024-10-15,COMPLETED,1445000.0,1445000.0,1515812.78,100.0,100.0,18.582103,73.864783,Gram Kisan Mandi,Ward 18,Pune Block 3,District Urban Development Agency (DUDA),Registered Contractor V-157 Pvt Ltd,2024-09-29,True,True,True,True,True,OFFICIAL_ESAKSHI_DATA
MPLAD-KA-2024-0063,DR C N MANJUNATH,Karnataka,Bengaluru Rural,BANGALORE RURAL,Erection of Senior Citizen Pavilion at Navodaya Vidyalaya Panchayat,Community Hall & Cultural Centers,Standard infrastructure project under MPLADS guidelines for community hall & cultural centers to improve citizen access and public amenity.,2024-07-19,2024-08-29,2024-10-08,2025-01-20,,IN_PROGRESS,2503000.0,2503000.0,828493.0,29.5,33.1,13.226037,77.534996,Gram Hanuman Chowk,Ward 26,Bengaluru Rural Block 4,Public Health Engineering Department (PHED),Registered Contractor V-138 Pvt Ltd,2026-08-03,False,False,False,True,True,OFFICIAL_ESAKSHI_DATA
MPLAD-RA-2024-0064,Gajendra Singh Shekhawat,Rajasthan,Jodhpur,JODHPUR,Covered Drain Construction from Main Chowk to Ram Mandir,Public Sanitation & Drainage,Standard infrastructure project under MPLADS guidelines for public sanitation & drainage to improve citizen access and public amenity.,2024-04-13,2024-05-19,2024-06-21,2024-11-06,,IN_PROGRESS,732000.0,732000.0,555588.0,81.4,75.9,26.258527,73.062207,Gram Main Chauraha,Ward 20,Jodhpur Block 2,Gram Panchayat Works Division,Registered Contractor V-159 Pvt Ltd,2026-08-03,False,True,False,True,True,OFFICIAL_ESAKSHI_DATA
MPLAD-RA-2024-0065,Gajendra Singh Shekhawat,Rajasthan,Jodhpur,JODHPUR,"Development of Multipurpose Cultural Hall, Ward 7",Community Hall & Cultural Centers,Standard infrastructure project under MPLADS guidelines for community hall & cultural centers to improve citizen access and public amenity.,2024-02-14,2024-03-07,2024-04-21,2024-07-24,2024-07-16,COMPLETED,2548000.0,2548000.0,2641530.03,100.0,100.0,26.190682,72.991476,Gram Market Yard,Ward 15,Jodhpur Block 3,Public Health Engineering Department (PHED),Registered Contractor V-115 Pvt Ltd,2024-07-07,True,True,True,True,True,OFFICIAL_ESAKSHI_DATA
MPLAD-UT-2024-0066,Shri Narendra Modi,Uttar Pradesh,Varanasi,VARANASI,"Modernization of School Boundary Wall and Playground, Ward 29",School Infrastructure & Classrooms,Standard infrastructure project under MPLADS guidelines for school infrastructure & classrooms to improve citizen access and public amenity.,2024-06-15,2024-07-31,2024-09-14,2025-01-17,2025-01-15,COMPLETED,2044000.0,2044000.0,2044309.93,100.0,100.0,25.335583,82.974738,Gram Hanuman Chowk,Ward 22,Varanasi Block 3,Gram Panchayat Works Division,Registered Contractor V-163 Pvt Ltd,2025-01-04,True,True,True,True,True,OFFICIAL_ESAKSHI_DATA
MPLAD-KA-2024-0067,DR C N MANJUNATH,Karnataka,Bengaluru Rural,BANGALORE RURAL,Development of Science Laboratory & Smart Classroom at Bus Stand,School Infrastructure & Classrooms,Standard infrastructure project under MPLADS guidelines for school infrastructure & classrooms to improve citizen access and public amenity.,2024-02-10,2024-03-30,2024-04-16,2024-10-07,2024-09-25,COMPLETED,2062000.0,2062000.0,2142419.1,100.0,100.0,13.243981,77.614745,Gram Hanuman Chowk,Ward 27,Bengaluru Rural Block 5,District Urban Development Agency (DUDA),Registered Contractor V-125 Pvt Ltd,2024-10-05,True,True,True,True,True,OFFICIAL_ESAKSHI_DATA
MPLAD-MA-2024-0068,MURLIDHAR MOHOL,Maharashtra,Pune,PUNE,Installation of Solar Dual Pump Tube Well at Shastri Colony,Drinking Water & Tube Wells,Standard infrastructure project under MPLADS guidelines for drinking water & tube wells to improve citizen access and public amenity.,2024-07-29,2024-09-25,2024-10-10,2025-02-12,,IN_PROGRESS,615000.0,615000.0,278595.0,34.3,45.3,18.543199,73.81636,Gram Panchayat Bhavan,Ward 1,Pune Block 3,District Urban Development Agency (DUDA),Registered Contractor V-119 Pvt Ltd,2026-06-14,False,False,False,True,True,OFFICIAL_ESAKSHI_DATA
MPLAD-MA-2024-0069,Nitin Jairam Gadkari,Maharashtra,Nagpur,NAGPUR,"Construction of CC Road from Gandhi Park to Ambedkar Nagar, Ward 24",Road Works,Standard infrastructure project under MPLADS guidelines for road works to improve citizen access and public amenity.,2024-01-23,2024-02-20,2024-03-29,2024-08-19,,IN_PROGRESS,1592000.0,1592000.0,1104848.0,69.7,69.4,21.151576,79.058242,Gram Railway Crossing,Ward 17,Nagpur Block 2,Public Works Department (PWD) Rural,Registered Contractor V-134 Pvt Ltd,2026-07-17,False,False,False,True,True,OFFICIAL_ESAKSHI_DATA
MPLAD-RA-2024-0070,Gajendra Singh Shekhawat,Rajasthan,Jodhpur,JODHPUR,Development of Science Laboratory & Smart Classroom at Primary Health Center,School Infrastructure & Classrooms,Standard infrastructure project under MPLADS guidelines for school infrastructure & classrooms to improve citizen access and public amenity.,2024-05-11,2024-06-25,2024-07-23,2025-01-16,2025-01-05,COMPLETED,1929000.0,1929000.0,1946521.74,100.0,100.0,26.220187,72.961703,Gram Hanuman Chowk,Ward 5,Jodhpur Block 3,Gram Panchayat Works Division,Registered Contractor V-108 Pvt Ltd,2024-12-31,True,True,True,True,True,OFFICIAL_ESAKSHI_DATA
MPLAD-KA-2024-0071,YADUVEER KRISHNADATTA CHAMARAJA WADIYAR,Karnataka,Mysuru,MYSORE,Development of Community Sanitary Complex with Septic Facility,Public Sanitation & Drainage,Standard infrastructure project under MPLADS guidelines for public sanitation & drainage to improve citizen access and public amenity.,2024-05-05,2024-06-26,2024-07-30,2024-12-22,2025-01-17,COMPLETED,655000.0,655000.0,672684.58,100.0,100.0,12.279282,76.677513,Gram Market Yard,Ward 11,Mysuru Block 4,Zila Parishad Engineering Wing,Registered Contractor V-138 Pvt Ltd,2024-12-17,True,True,True,True,True,OFFICIAL_ESAKSHI_DATA
MPLAD-UT-2024-0072,Rajnath Singh,Uttar Pradesh,Lucknow,LUCKNOW,Construction of Cement Concrete Lane in Ward No. 6,Road Works,Standard infrastructure project under MPLADS guidelines for road works to improve citizen access and public amenity.,2024-03-30,2024-05-05,2024-05-31,2024-09-17,,IN_PROGRESS,1356000.0,1356000.0,648168.0,53.5,47.8,26.808979,80.965435,Gram Kisan Mandi,Ward 5,Lucknow Block 5,District Urban Development Agency (DUDA),Registered Contractor V-155 Pvt Ltd,2026-08-08,False,False,False,True,True,OFFICIAL_ESAKSHI_DATA
MPLAD-RA-2024-0073,Gajendra Singh Shekhawat,Rajasthan,Jodhpur,JODHPUR,Upgradation and Tarring of Rural Link Road near Ambedkar Nagar,Road Works,Standard infrastructure project under MPLADS guidelines for road works to improve citizen access and public amenity.,2024-08-20,2024-10-06,2024-11-17,2025-06-12,,IN_PROGRESS,1862000.0,1862000.0,1573390.0,83.1,84.5,26.322516,73.088819,Gram Panchayat Bhavan,Ward 22,Jodhpur Block 4,Public Health Engineering Department (PHED),Registered Contractor V-146 Pvt Ltd,2026-07-30,False,True,False,True,True,OFFICIAL_ESAKSHI_DATA
MPLAD-MA-2024-0074,MURLIDHAR MOHOL,Maharashtra,Pune,PUNE,Erection of Senior Citizen Pavilion at Ambedkar Nagar Panchayat,Community Hall & Cultural Centers,Standard infrastructure project under MPLADS guidelines for community hall & cultural centers to improve citizen access and public amenity.,2024-02-08,2024-03-16,2024-04-18,2024-08-14,,IN_PROGRESS,2527000.0,2527000.0,2079721.0,75.7,82.3,18.549407,73.85723,Gram Ram Mandir,Ward 6,Pune Block 3,Zila Parishad Engineering Wing,Registered Contractor V-148 Pvt Ltd,2026-07-15,False,True,False,True,True,OFFICIAL_ESAKSHI_DATA
MPLAD-KA-2024-0075,YADUVEER KRISHNADATTA CHAMARAJA WADIYAR,Karnataka,Mysuru,MYSORE,"Development of Multipurpose Cultural Hall, Ward 6",Community Hall & Cultural Centers,Standard infrastructure project under MPLADS guidelines for community hall & cultural centers to improve citizen access and public amenity.,2024-08-19,2024-09-17,2024-10-20,2025-04-12,,IN_PROGRESS,2272000.0,2272000.0,804288.0,33.5,35.4,12.332481,76.6174,Gram Market Yard,Ward 14,Mysuru Block 4,Gram Panchayat Works Division,Registered Contractor V-124 Pvt Ltd,2026-08-10,False,False,False,True,True,OFFICIAL_ESAKSHI_DATA
MPLAD-KA-2024-0076,DR C N MANJUNATH,Karnataka,Bengaluru Rural,BANGALORE RURAL,Construction of B.R. Ambedkar Community Bhavan near Railway Crossing,Community Hall & Cultural Centers,Standard infrastructure project under MPLADS guidelines for community hall & cultural centers to improve citizen access and public amenity.,2024-07-26,2024-09-20,2024-10-24,2025-02-01,,IN_PROGRESS,2878000.0,2878000.0,1459146.0,34.7,50.7,13.16558,77.547986,Gram Railway Crossing,Ward 20,Bengaluru Rural Block 4,District Urban Development Agency (DUDA),Registered Contractor V-142 Pvt Ltd,2026-06-27,False,False,False,True,True,OFFICIAL_ESAKSHI_DATA
MPLAD-UT-2024-0077,Rajnath Singh,Uttar Pradesh,Lucknow,LUCKNOW,Installation of Solar Dual Pump Tube Well at Bus Stand,Drinking Water & Tube Wells,Standard infrastructure project under MPLADS guidelines for drinking water & tube wells to improve citizen access and public amenity.,2024-04-07,2024-05-24,2024-06-11,2024-10-15,,IN_PROGRESS,779000.0,779000.0,475190.0,60.6,61.0,26.835001,80.935075,Gram Ram Mandir,Ward 7,Lucknow Block 3,Zila Parishad Engineering Wing,Registered Contractor V-115 Pvt Ltd,2026-08-01,False,False,False,True,True,OFFICIAL_ESAKSHI_DATA
MPLAD-MA-2024-0078,MURLIDHAR MOHOL,Maharashtra,Pune,PUNE,Erection of Senior Citizen Pavilion at Gandhi Park Panchayat,Community Hall & Cultural Centers,Standard infrastructure project under MPLADS guidelines for community hall & cultural centers to improve citizen access and public amenity.,2024-02-09,2024-02-29,2024-03-30,2024-10-01,,IN_PROGRESS,2765000.0,2765000.0,920745.0,32.8,33.3,18.463972,73.889788,Gram Hanuman Chowk,Ward 13,Pune Block 6,District Urban Development Agency (DUDA),Registered Contractor V-142 Pvt Ltd,2026-08-03,False,False,False,True,True,OFFICIAL_ESAKSHI_DATA
MPLAD-RA-2024-0079,Gajendra Singh Shekhawat,Rajasthan,Jodhpur,JODHPUR,Upgradation and Tarring of Rural Link Road near Ram Mandir,Road Works,Standard infrastructure project under MPLADS guidelines for road works to improve citizen access and public amenity.,2024-08-17,2024-09-26,2024-10-29,2025-03-22,,IN_PROGRESS,1345000.0,1345000.0,893080.0,67.6,66.4,26.252105,73.082097,Gram Kisan Mandi,Ward 20,Jodhpur Block 4,Public Health Engineering Department (PHED),Registered Contractor V-110 Pvt Ltd,2026-08-07,False,False,False,True,True,OFFICIAL_ESAKSHI_DATA
MPLAD-KA-2024-0080,DR C N MANJUNATH,Karnataka,Bengaluru Rural,BANGALORE RURAL,Development of Science Laboratory & Smart Classroom at Primary Health Center,School Infrastructure & Classrooms,Standard infrastructure project under MPLADS guidelines for school infrastructure & classrooms to improve citizen access and public amenity.,2024-04-30,2024-06-26,2024-07-23,2024-12-27,2025-01-02,COMPLETED,1566000.0,1566000.0,1606378.7,100.0,100.0,13.28853,77.549424,Gram Hanuman Chowk,Ward 17,Bengaluru Rural Block 6,Gram Panchayat Works Division,Registered Contractor V-132 Pvt Ltd,2024-12-16,True,True,True,True,True,OFFICIAL_ESAKSHI_DATA
MPLAD-RA-2024-0081,MANJU SHARMA,Rajasthan,Jaipur,JAIPUR,Construction of B.R. Ambedkar Community Bhavan near Panchayat Bhavan,Community Hall & Cultural Centers,Standard infrastructure project under MPLADS guidelines for community hall & cultural centers to improve citizen access and public amenity.,2024-03-10,2024-04-05,2024-04-24,2024-08-24,2024-09-19,COMPLETED,2133000.0,2133000.0,2131211.67,100.0,100.0,26.927934,75.814412,Gram Railway Crossing,Ward 25,Jaipur Block 5,District Urban Development Agency (DUDA),Registered Contractor V-119 Pvt Ltd,2024-08-18,True,True,True,True,True,OFFICIAL_ESAKSHI_DATA
MPLAD-UT-2024-0082,Rajnath Singh,Uttar Pradesh,Lucknow,LUCKNOW,Construction of Community Welfare Center at Primary Health Center,Community Hall & Cultural Centers,Standard infrastructure project under MPLADS guidelines for community hall & cultural centers to improve citizen access and public amenity.,2024-01-27,2024-03-17,2024-04-15,2024-10-02,2024-10-24,COMPLETED,2370000.0,2370000.0,2354322.84,100.0,100.0,26.844617,80.900877,Gram Govt Hospital,Ward 15,Lucknow Block 4,Public Works Department (PWD) Rural,Registered Contractor V-157 Pvt Ltd,2024-09-22,True,True,True,True,True,OFFICIAL_ESAKSHI_DATA
MPLAD-RA-2024-0083,MANJU SHARMA,Rajasthan,Jaipur,JAIPUR,"Development of Multipurpose Cultural Hall, Ward 3",Community Hall & Cultural Centers,Standard infrastructure project under MPLADS guidelines for community hall & cultural centers to improve citizen access and public amenity.,2024-06-23,2024-07-18,2024-08-21,2025-02-03,,IN_PROGRESS,2273000.0,2273000.0,1218328.0,52.8,53.6,26.969534,75.737245,Gram Primary Health Center,Ward 20,Jaipur Block 4,District Urban Development Agency (DUDA),Registered Contractor V-110 Pvt Ltd,2026-07-16,False,False,False,True,True,OFFICIAL_ESAKSHI_DATA
MPLAD-MA-2024-0084,MURLIDHAR MOHOL,Maharashtra,Pune,PUNE,Development of Science Laboratory & Smart Classroom at Railway Crossing,School Infrastructure & Classrooms,Standard infrastructure project under MPLADS guidelines for school infrastructure & classrooms to improve citizen access and public amenity.,2024-07-10,2024-08-04,2024-09-04,2025-02-23,2025-03-25,COMPLETED,1531000.0,1531000.0,1531480.16,100.0,100.0,18.524976,73.907145,Gram Primary Health Center,Ward 12,Pune Block 3,Gram Panchayat Works Division,Registered Contractor V-144 Pvt Ltd,2025-02-14,True,True,True,True,True,OFFICIAL_ESAKSHI_DATA
MPLAD-UT-2024-0085,Rajnath Singh,Uttar Pradesh,Lucknow,LUCKNOW,"Development of Multipurpose Cultural Hall, Ward 25",Community Hall & Cultural Centers,Standard infrastructure project under MPLADS guidelines for community hall & cultural centers to improve citizen access and public amenity.,2024-07-30,2024-09-28,2024-11-02,2025-03-14,2025-04-03,COMPLETED,2342000.0,2342000.0,2362088.64,100.0,100.0,26.860874,80.978041,Gram Primary Health Center,Ward 3,Lucknow Block 5,Zila Parishad Engineering Wing,Registered Contractor V-107 Pvt Ltd,2025-03-09,True,True,True,True,True,OFFICIAL_ESAKSHI_DATA
MPLAD-MA-2024-0086,Nitin Jairam Gadkari,Maharashtra,Nagpur,NAGPUR,Construction of B.R. Ambedkar Community Bhavan near Hanuman Chowk,Community Hall & Cultural Centers,Standard infrastructure project under MPLADS guidelines for community hall & cultural centers to improve citizen access and public amenity.,2024-06-10,2024-07-05,2024-07-29,2025-01-06,,IN_PROGRESS,2591000.0,2591000.0,1992479.0,72.5,76.9,21.147931,79.092173,Gram Gandhi Park,Ward 12,Nagpur Block 1,Public Health Engineering Department (PHED),Registered Contractor V-117 Pvt Ltd,2026-07-20,False,True,False,True,True,OFFICIAL_ESAKSHI_DATA
MPLAD-KA-2024-0087,YADUVEER KRISHNADATTA CHAMARAJA WADIYAR,Karnataka,Mysuru,MYSORE,Sinking of Deep Borewell with Overhead Storage Tank near Main Chauraha,Drinking Water & Tube Wells,Standard infrastructure project under MPLADS guidelines for drinking water & tube wells to improve citizen access and public amenity.,2024-07-24,2024-09-13,2024-10-04,2025-01-30,,IN_PROGRESS,942000.0,942000.0,442740.0,34.6,47.0,12.351311,76.596076,Gram Ambedkar Nagar,Ward 13,Mysuru Block 2,Public Works Department (PWD) Rural,Registered Contractor V-144 Pvt Ltd,2026-06-24,False,False,False,True,True,OFFICIAL_ESAKSHI_DATA
MPLAD-MA-2024-0088,MURLIDHAR MOHOL,Maharashtra,Pune,PUNE,Development of Community Sanitary Complex with Septic Facility,Public Sanitation & Drainage,Standard infrastructure project under MPLADS guidelines for public sanitation & drainage to improve citizen access and public amenity.,2024-01-21,2024-03-07,2024-04-02,2024-09-25,,IN_PROGRESS,696000.0,696000.0,589512.0,83.2,84.7,18.452077,73.851388,Gram Govt Hospital,Ward 26,Pune Block 4,Public Works Department (PWD) Rural,Registered Contractor V-157 Pvt Ltd,2026-07-17,False,True,False,True,True,OFFICIAL_ESAKSHI_DATA
MPLAD-RJ-2024-0089,MANJU SHARMA,Rajasthan,Jaipur,JAIPUR,Construction of Cement Concrete Lane in Ward No. 4,Road Works,Laying of CC road pavement in residential section of Ward 4.,2024-04-05,2024-05-10,2024-05-25,2024-11-20,,IN_PROGRESS,2980000.0,2980000.0,1490000.0,50.0,50.0,26.91525,75.79025,Sanganer Rural,Ward 4,Ward 4 Residential Section,Gram Panchayat Works Division,Apex Infrastructures Pvt Ltd,2024-08-10,False,False,False,True,True,OFFICIAL_ESAKSHI_DATA
MPLAD-RA-2024-0090,MANJU SHARMA,Rajasthan,Jaipur,JAIPUR,Erection of Senior Citizen Pavilion at Navodaya Vidyalaya Panchayat,Community Hall & Cultural Centers,Standard infrastructure project under MPLADS guidelines for community hall & cultural centers to improve citizen access and public amenity.,2024-03-19,2024-05-06,2024-06-18,2024-11-20,2024-11-10,COMPLETED,2645000.0,2645000.0,2544004.6,100.0,100.0,26.895145,75.766672,Gram Main Chauraha,Ward 1,Jaipur Block 4,Gram Panchayat Works Division,Registered Contractor V-121 Pvt Ltd,2024-11-05,True,True,True,True,True,OFFICIAL_ESAKSHI_DATA
MPLAD-RA-2024-0091,Gajendra Singh Shekhawat,Rajasthan,Jodhpur,JODHPUR,Development of Community Sanitary Complex with Septic Facility,Public Sanitation & Drainage,Standard infrastructure project under MPLADS guidelines for public sanitation & drainage to improve citizen access and public amenity.,2024-04-17,2024-05-12,2024-06-07,2024-10-03,2024-11-02,COMPLETED,678000.0,678000.0,698576.01,100.0,100.0,26.27222,73.075139,Gram Ram Mandir,Ward 10,Jodhpur Block 4,District Urban Development Agency (DUDA),Registered Contractor V-131 Pvt Ltd,2024-09-28,True,True,True,True,True,OFFICIAL_ESAKSHI_DATA
MPLAD-MA-2024-0092,Nitin Jairam Gadkari,Maharashtra,Nagpur,NAGPUR,"Modernization of School Boundary Wall and Playground, Ward 34",School Infrastructure & Classrooms,Standard infrastructure project under MPLADS guidelines for school infrastructure & classrooms to improve citizen access and public amenity.,2024-08-28,2024-09-22,2024-10-07,2025-02-06,2025-02-26,COMPLETED,1726000.0,1726000.0,1769256.11,100.0,100.0,21.166146,79.059185,Gram Bus Stand,Ward 10,Nagpur Block 1,Zila Parishad Engineering Wing,Registered Contractor V-101 Pvt Ltd,2025-01-31,True,True,True,True,True,OFFICIAL_ESAKSHI_DATA
MPLAD-RA-2024-0093,MANJU SHARMA,Rajasthan,Jaipur,JAIPUR,"Modernization of School Boundary Wall and Playground, Ward 16",School Infrastructure & Classrooms,Standard infrastructure project under MPLADS guidelines for school infrastructure & classrooms to improve citizen access and public amenity.,2024-01-26,2024-02-22,2024-04-03,2024-10-25,,IN_PROGRESS,1701000.0,1701000.0,1003590.0,57.2,59.0,26.849831,75.74458,Gram Market Yard,Ward 1,Jaipur Block 5,Zila Parishad Engineering Wing,Registered Contractor V-159 Pvt Ltd,2026-07-23,False,False,False,True,True,OFFICIAL_ESAKSHI_DATA
MPLAD-KA-2024-0094,DR C N MANJUNATH,Karnataka,Bengaluru Rural,BANGALORE RURAL,"Construction of Underground Drainage System at Kisan Mandi, Ward 33",Public Sanitation & Drainage,Standard infrastructure project under MPLADS guidelines for public sanitation & drainage to improve citizen access and public amenity.,2024-06-28,2024-07-23,2024-08-23,2025-01-06,2025-01-25,COMPLETED,616000.0,616000.0,631679.84,100.0,100.0,13.264668,77.62935,Gram Market Yard,Ward 28,Bengaluru Rural Block 4,Public Health Engineering Department (PHED),Registered Contractor V-124 Pvt Ltd,2024-12-19,True,True,True,True,True,OFFICIAL_ESAKSHI_DATA
MPLAD-RA-2024-0095,Gajendra Singh Shekhawat,Rajasthan,Jodhpur,JODHPUR,Erection of Senior Citizen Pavilion at Panchayat Bhavan Panchayat,Community Hall & Cultural Centers,Standard infrastructure project under MPLADS guidelines for community hall & cultural centers to improve citizen access and public amenity.,2024-04-10,2024-05-04,2024-05-30,2024-09-27,,IN_PROGRESS,2596000.0,2596000.0,1726340.0,62.7,66.5,26.284592,73.025035,Gram Gandhi Park,Ward 11,Jodhpur Block 6,District Urban Development Agency (DUDA),Registered Contractor V-103 Pvt Ltd,2026-07-18,False,False,False,True,True,OFFICIAL_ESAKSHI_DATA
MPLAD-MA-2024-0096,Nitin Jairam Gadkari,Maharashtra,Nagpur,NAGPUR,"Construction of Separate Girls Sanitation Facility at Govt High School, Main Chauraha",School Infrastructure & Classrooms,Standard infrastructure project under MPLADS guidelines for school infrastructure & classrooms to improve citizen access and public amenity.,2024-01-26,2024-03-15,2024-03-31,2024-08-05,2024-07-23,COMPLETED,1821000.0,1821000.0,1903055.56,100.0,100.0,21.134941,79.099546,Gram Navodaya Vidyalaya,Ward 18,Nagpur Block 4,Public Works Department (PWD) Rural,Registered Contractor V-118 Pvt Ltd,2024-07-28,True,True,True,True,True,OFFICIAL_ESAKSHI_DATA
MPLAD-KA-2024-0097,DR C N MANJUNATH,Karnataka,Bengaluru Rural,BANGALORE RURAL,Construction of Community RO Water Filtration Plant at Main Chauraha,Drinking Water & Tube Wells,Standard infrastructure project under MPLADS guidelines for drinking water & tube wells to improve citizen access and public amenity.,2024-08-17,2024-09-09,2024-10-21,2025-04-12,2025-04-20,COMPLETED,589000.0,589000.0,578908.34,100.0,100.0,13.290931,77.612283,Gram Main Chauraha,Ward 13,Bengaluru Rural Block 3,District Urban Development Agency (DUDA),Registered Contractor V-146 Pvt Ltd,2025-04-07,True,True,True,True,True,OFFICIAL_ESAKSHI_DATA
MPLAD-MA-2024-0098,Nitin Jairam Gadkari,Maharashtra,Nagpur,NAGPUR,"Construction of 2 Additional Classrooms in Govt Upper Primary School, Primary Health Center",School Infrastructure & Classrooms,Standard infrastructure project under MPLADS guidelines for school infrastructure & classrooms to improve citizen access and public amenity.,2024-03-18,2024-04-12,2024-05-20,2024-10-11,2024-10-30,COMPLETED,2026000.0,2026000.0,2085073.91,100.0,100.0,21.130163,79.128734,Gram Primary Health Center,Ward 22,Nagpur Block 3,District Urban Development Agency (DUDA),Registered Contractor V-167 Pvt Ltd,2024-10-04,True,True,True,True,True,OFFICIAL_ESAKSHI_DATA
MPLAD-KA-2024-0099,YADUVEER KRISHNADATTA CHAMARAJA WADIYAR,Karnataka,Mysuru,MYSORE,"Construction of Underground Drainage System at Govt Hospital, Ward 28",Public Sanitation & Drainage,Standard infrastructure project under MPLADS guidelines for public sanitation & drainage to improve citizen access and public amenity.,2024-07-04,2024-08-21,2024-09-16,2025-02-10,2025-03-06,COMPLETED,487000.0,487000.0,505881.19,100.0,100.0,12.27133,76.639091,Gram Hanuman Chowk,Ward 22,Mysuru Block 6,Public Health Engineering Department (PHED),Registered Contractor V-122 Pvt Ltd,2025-01-28,True,True,True,True,True,OFFICIAL_ESAKSHI_DATA
MPLAD-UT-2024-0100,Rajnath Singh,Uttar Pradesh,Lucknow,LUCKNOW,"Construction of Underground Drainage System at Primary Health Center, Ward 24",Public Sanitation & Drainage,Standard infrastructure project under MPLADS guidelines for public sanitation & drainage to improve citizen access and public amenity.,2024-02-15,2024-04-13,2024-05-19,2024-11-25,,IN_PROGRESS,625000.0,625000.0,180625.0,32.6,28.9,26.908665,80.917308,Gram Ambedkar Nagar,Ward 5,Lucknow Block 6,Public Works Department (PWD) Rural,Registered Contractor V-104 Pvt Ltd,2026-07-21,False,False,False,True,True,OFFICIAL_ESAKSHI_DATA
MPLAD-UT-2024-0101,Rajnath Singh,Uttar Pradesh,Lucknow,LUCKNOW,Construction of B.R. Ambedkar Community Bhavan near Shivaji Nagar,Community Hall & Cultural Centers,Standard infrastructure project under MPLADS guidelines for community hall & cultural centers to improve citizen access and public amenity.,2024-06-04,2024-07-02,2024-08-02,2024-12-16,,IN_PROGRESS,2163000.0,2163000.0,1308615.0,64.0,60.5,26.861153,80.92647,Gram Gandhi Park,Ward 13,Lucknow Block 5,Public Health Engineering Department (PHED),Registered Contractor V-110 Pvt Ltd,2026-08-07,False,False,False,True,True,OFFICIAL_ESAKSHI_DATA
MPLAD-RA-2024-0102,Gajendra Singh Shekhawat,Rajasthan,Jodhpur,JODHPUR,Construction of B.R. Ambedkar Community Bhavan near Main Chauraha,Community Hall & Cultural Centers,Standard infrastructure project under MPLADS guidelines for community hall & cultural centers to improve citizen access and public amenity.,2024-06-14,2024-07-22,2024-08-28,2025-03-23,,IN_PROGRESS,2254000.0,2254000.0,1061634.0,36.0,47.1,26.247429,73.032874,Gram Hanuman Chowk,Ward 26,Jodhpur Block 6,Public Health Engineering Department (PHED),Registered Contractor V-128 Pvt Ltd,2026-06-26,False,False,False,False,True,OFFICIAL_ESAKSHI_DATA
MPLAD-KA-2024-0103,YADUVEER KRISHNADATTA CHAMARAJA WADIYAR,Karnataka,Mysuru,MYSORE,"Construction of CC Road from Gandhi Park to Bus Stand, Ward 24",Road Works,Standard infrastructure project under MPLADS guidelines for road works to improve citizen access and public amenity.,2024-03-24,2024-05-02,2024-06-13,2024-10-01,,IN_PROGRESS,1322000.0,1322000.0,1090650.0,80.6,82.5,12.279314,76.647522,Gram Bus Stand,Ward 26,Mysuru Block 2,Zila Parishad Engineering Wing,Registered Contractor V-170 Pvt Ltd,2026-07-16,False,True,False,True,True,OFFICIAL_ESAKSHI_DATA
MPLAD-MA-2024-0104,Nitin Jairam Gadkari,Maharashtra,Nagpur,NAGPUR,Laying of Interlocking Tile Road at Shivaji Nagar Sector 26,Road Works,Standard infrastructure project under MPLADS guidelines for road works to improve citizen access and public amenity.,2024-06-04,2024-07-17,2024-08-15,2025-02-23,,IN_PROGRESS,1559000.0,1559000.0,795090.0,33.9,51.0,21.096539,79.063054,Gram Market Yard,Ward 25,Nagpur Block 4,District Urban Development Agency (DUDA),Registered Contractor V-171 Pvt Ltd,2026-06-26,False,False,False,False,True,OFFICIAL_ESAKSHI_DATA
MPLAD-RA-2024-0105,MANJU SHARMA,Rajasthan,Jaipur,JAIPUR,Construction of Community Welfare Center at Gandhi Park,Community Hall & Cultural Centers,Standard infrastructure project under MPLADS guidelines for community hall & cultural centers to improve citizen access and public amenity.,2024-05-08,2024-06-30,2024-07-26,2024-11-09,,IN_PROGRESS,2647000.0,2647000.0,1813195.0,53.4,68.5,26.923282,75.838937,Gram Navodaya Vidyalaya,Ward 4,Jaipur Block 5,Gram Panchayat Works Division,Registered Contractor V-158 Pvt Ltd,2026-06-19,False,False,False,True,True,OFFICIAL_ESAKSHI_DATA
MPLAD-MA-2024-0106,Nitin Jairam Gadkari,Maharashtra,Nagpur,NAGPUR,"Augmentation of Village Piped Drinking Water Scheme, Ward 18",Drinking Water & Tube Wells,Standard infrastructure project under MPLADS guidelines for drinking water & tube wells to improve citizen access and public amenity.,2024-09-05,2024-10-09,2024-11-04,2025-06-02,,IN_PROGRESS,660000.0,660000.0,238260.0,42.0,36.1,21.140202,79.087534,Gram Ambedkar Nagar,Ward 18,Nagpur Block 1,Public Works Department (PWD) Rural,Registered Contractor V-142 Pvt Ltd,2026-08-04,False,False,False,True,True,OFFICIAL_ESAKSHI_DATA
MPLAD-MA-2024-0107,MURLIDHAR MOHOL,Maharashtra,Pune,PUNE,Installation of Solar Dual Pump Tube Well at Ambedkar Nagar,Drinking Water & Tube Wells,Standard infrastructure project under MPLADS guidelines for drinking water & tube wells to improve citizen access and public amenity.,2024-04-05,2024-05-31,2024-06-16,2024-12-28,,IN_PROGRESS,779000.0,779000.0,389500.0,32.4,50.0,18.519752,73.846597,Gram Railway Crossing,Ward 29,Pune Block 6,Zila Parishad Engineering Wing,Registered Contractor V-178 Pvt Ltd,2026-06-14,False,False,False,True,True,OFFICIAL_ESAKSHI_DATA
MPLAD-KA-2024-0108,YADUVEER KRISHNADATTA CHAMARAJA WADIYAR,Karnataka,Mysuru,MYSORE,"Modernization of School Boundary Wall and Playground, Ward 31",School Infrastructure & Classrooms,Standard infrastructure project under MPLADS guidelines for school infrastructure & classrooms to improve citizen access and public amenity.,2024-03-26,2024-05-14,2024-05-31,2024-11-25,2024-12-06,COMPLETED,2190000.0,2190000.0,2291215.79,100.0,100.0,12.266847,76.657577,Gram Ambedkar Nagar,Ward 5,Mysuru Block 3,Public Works Department (PWD) Rural,Registered Contractor V-152 Pvt Ltd,2024-11-09,True,True,True,True,True,OFFICIAL_ESAKSHI_DATA
MPLAD-KA-2024-0109,YADUVEER KRISHNADATTA CHAMARAJA WADIYAR,Karnataka,Mysuru,MYSORE,"Construction of 2 Additional Classrooms in Govt Upper Primary School, Bus Stand",School Infrastructure & Classrooms,Standard infrastructure project under MPLADS guidelines for school infrastructure & classrooms to improve citizen access and public amenity.,2024-05-20,2024-07-14,2024-08-01,2024-12-09,2024-12-11,COMPLETED,1774000.0,1774000.0,1856175.68,100.0,100.0,12.245204,76.609855,Gram Ram Mandir,Ward 10,Mysuru Block 4,Public Works Department (PWD) Rural,Registered Contractor V-148 Pvt Ltd,2024-12-04,True,True,True,True,True,OFFICIAL_ESAKSHI_DATA
MPLAD-UT-2024-0110,Shri Narendra Modi,Uttar Pradesh,Varanasi,VARANASI,Construction of Community RO Water Filtration Plant at Main Chauraha,Drinking Water & Tube Wells,Standard infrastructure project under MPLADS guidelines for drinking water & tube wells to improve citizen access and public amenity.,2024-07-12,2024-08-21,2024-09-11,2025-03-17,2025-03-31,COMPLETED,751000.0,751000.0,718992.12,100.0,100.0,25.333619,82.981743,Gram Ram Mandir,Ward 3,Varanasi Block 4,District Urban Development Agency (DUDA),Registered Contractor V-174 Pvt Ltd,2025-02-27,True,True,True,True,True,OFFICIAL_ESAKSHI_DATA
MPLAD-UT-2024-0111,Shri Narendra Modi,Uttar Pradesh,Varanasi,VARANASI,Installation of Solar Dual Pump Tube Well at Ram Mandir,Drinking Water & Tube Wells,Standard infrastructure project under MPLADS guidelines for drinking water & tube wells to improve citizen access and public amenity.,2024-01-22,2024-02-14,2024-03-09,2024-08-09,,IN_PROGRESS,955000.0,955000.0,744900.0,75.6,78.0,25.334177,82.975802,Gram Market Yard,Ward 5,Varanasi Block 3,Zila Parishad Engineering Wing,Registered Contractor V-146 Pvt Ltd,2026-08-01,False,True,False,True,True,OFFICIAL_ESAKSHI_DATA
MPLAD-KA-2024-0112,YADUVEER KRISHNADATTA CHAMARAJA WADIYAR,Karnataka,Mysuru,MYSORE,Construction of Community Welfare Center at Navodaya Vidyalaya,Community Hall & Cultural Centers,Standard infrastructure project under MPLADS guidelines for community hall & cultural centers to improve citizen access and public amenity.,2024-01-23,2024-03-19,2024-04-20,2024-08-12,,IN_PROGRESS,2936000.0,2936000.0,1194952.0,42.3,40.7,12.310018,76.624282,Gram Panchayat Bhavan,Ward 4,Mysuru Block 4,Gram Panchayat Works Division,Registered Contractor V-152 Pvt Ltd,2026-07-27,False,False,False,True,True,OFFICIAL_ESAKSHI_DATA
MPLAD-KA-2024-0113,YADUVEER KRISHNADATTA CHAMARAJA WADIYAR,Karnataka,Mysuru,MYSORE,Development of Community Sanitary Complex with Septic Facility,Public Sanitation & Drainage,Standard infrastructure project under MPLADS guidelines for public sanitation & drainage to improve citizen access and public amenity.,2024-02-29,2024-04-27,2024-05-28,2024-10-16,,IN_PROGRESS,641000.0,641000.0,144866.0,27.7,22.6,12.337814,76.702963,Gram Ambedkar Nagar,Ward 29,Mysuru Block 5,District Urban Development Agency (DUDA),Registered Contractor V-119 Pvt Ltd,2026-07-31,False,False,False,True,True,OFFICIAL_ESAKSHI_DATA
MPLAD-MA-2024-0114,Nitin Jairam Gadkari,Maharashtra,Nagpur,NAGPUR,Covered Drain Construction from Main Chowk to Gandhi Park,Public Sanitation & Drainage,Standard infrastructure project under MPLADS guidelines for public sanitation & drainage to improve citizen access and public amenity.,2024-04-19,2024-06-17,2024-07-25,2025-02-07,2025-02-24,COMPLETED,711000.0,711000.0,688825.41,100.0,100.0,21.179971,79.03735,Gram Railway Crossing,Ward 27,Nagpur Block 1,District Urban Development Agency (DUDA),Registered Contractor V-121 Pvt Ltd,2025-01-26,True,True,True,True,True,OFFICIAL_ESAKSHI_DATA
MPLAD-KA-2024-0115,YADUVEER KRISHNADATTA CHAMARAJA WADIYAR,Karnataka,Mysuru,MYSORE,Laying of Interlocking Tile Road at Shivaji Nagar Sector 15,Road Works,Standard infrastructure project under MPLADS guidelines for road works to improve citizen access and public amenity.,2024-03-28,2024-05-27,2024-06-11,2024-11-24,,IN_PROGRESS,1454000.0,1454000.0,1264980.0,83.0,87.0,12.221464,76.620999,Gram Railway Crossing,Ward 6,Mysuru Block 5,Public Health Engineering Department (PHED),Registered Contractor V-175 Pvt Ltd,2026-07-17,False,True,False,True,True,OFFICIAL_ESAKSHI_DATA
MPLAD-UT-2024-0116,Shri Narendra Modi,Uttar Pradesh,Varanasi,VARANASI,Construction of Community RO Water Filtration Plant at Gandhi Park,Drinking Water & Tube Wells,Standard infrastructure project under MPLADS guidelines for drinking water & tube wells to improve citizen access and public amenity.,2024-07-07,2024-08-03,2024-08-24,2024-11-24,,IN_PROGRESS,919000.0,919000.0,449391.0,50.1,48.9,25.322864,82.985861,Gram Navodaya Vidyalaya,Ward 28,Varanasi Block 6,Gram Panchayat Works Division,Registered Contractor V-174 Pvt Ltd,2026-08-04,False,False,False,True,True,OFFICIAL_ESAKSHI_DATA
MPLAD-RA-2024-0117,MANJU SHARMA,Rajasthan,Jaipur,JAIPUR,Covered Drain Construction from Main Chowk to Primary Health Center,Public Sanitation & Drainage,Standard infrastructure project under MPLADS guidelines for public sanitation & drainage to improve citizen access and public amenity.,2024-04-02,2024-05-22,2024-06-22,2024-11-07,2024-11-21,COMPLETED,580000.0,580000.0,603833.78,100.0,100.0,26.945665,75.767108,Gram Shastri Colony,Ward 25,Jaipur Block 6,Public Works Department (PWD) Rural,Registered Contractor V-172 Pvt Ltd,2024-10-31,True,True,True,True,True,OFFICIAL_ESAKSHI_DATA
MPLAD-KA-2024-0118,YADUVEER KRISHNADATTA CHAMARAJA WADIYAR,Karnataka,Mysuru,MYSORE,"Augmentation of Village Piped Drinking Water Scheme, Ward 21",Drinking Water & Tube Wells,Standard infrastructure project under MPLADS guidelines for drinking water & tube wells to improve citizen access and public amenity.,2024-05-31,2024-07-09,2024-07-31,2025-02-26,,IN_PROGRESS,883000.0,883000.0,452096.0,38.9,51.2,12.313017,76.665369,Gram Govt Hospital,Ward 4,Mysuru Block 5,Public Works Department (PWD) Rural,Registered Contractor V-136 Pvt Ltd,2026-06-17,False,False,False,False,True,OFFICIAL_ESAKSHI_DATA
MPLAD-UT-2024-0119,Rajnath Singh,Uttar Pradesh,Lucknow,LUCKNOW,"Development of Multipurpose Cultural Hall, Ward 17",Community Hall & Cultural Centers,Standard infrastructure project under MPLADS guidelines for community hall & cultural centers to improve citizen access and public amenity.,2024-01-20,2024-02-27,2024-04-12,2024-10-10,2024-11-05,COMPLETED,2379000.0,2379000.0,2452880.64,100.0,100.0,26.871209,80.94157,Gram Bus Stand,Ward 27,Lucknow Block 5,Public Works Department (PWD) Rural,Registered Contractor V-138 Pvt Ltd,2024-09-24,True,True,True,True,True,OFFICIAL_ESAKSHI_DATA
MPLAD-KA-2024-0120,YADUVEER KRISHNADATTA CHAMARAJA WADIYAR,Karnataka,Mysuru,MYSORE,Construction of Community RO Water Filtration Plant at Ram Mandir,Drinking Water & Tube Wells,Standard infrastructure project under MPLADS guidelines for drinking water & tube wells to improve citizen access and public amenity.,2024-07-17,2024-09-12,2024-10-04,2025-02-02,2025-02-01,COMPLETED,872000.0,872000.0,912976.54,100.0,100.0,12.285922,76.57944,Gram Primary Health Center,Ward 23,Mysuru Block 4,Gram Panchayat Works Division,Registered Contractor V-179 Pvt Ltd,2025-01-15,True,True,True,True,True,OFFICIAL_ESAKSHI_DATA
MPLAD-MH-2024-0121,MURLIDHAR MOHOL,Maharashtra,Pune,PUNE,"Construction of 2 Additional Classrooms in Govt High School, Kothrud",School Infrastructure & Classrooms,Standard infrastructure project under MPLADS guidelines for road works to improve citizen access and public amenity.,2024-04-23,2024-06-12,2024-07-12,2025-01-01,2025-01-06,IN_PROGRESS,4200000.0,4200000.0,2100000.0,50.0,50.0,26.922047,75.797055,Gram Shastri Colony,Ward 19,Jaipur Block 2,Zila Parishad Engineering Wing,Registered Contractor V-121 Pvt Ltd,2026-08-01,True,True,True,True,True,OFFICIAL_ESAKSHI_DATA
MPLAD-RA-2024-0122,MANJU SHARMA,Rajasthan,Jaipur,JAIPUR,"Construction of 2 Additional Classrooms in Govt Upper Primary School, Govt Hospital",School Infrastructure & Classrooms,Standard infrastructure project under MPLADS guidelines for school infrastructure & classrooms to improve citizen access and public amenity.,2024-08-11,2024-09-25,2024-11-04,2025-04-06,2025-03-24,COMPLETED,1860000.0,1860000.0,1910031.66,100.0,100.0,26.880855,75.787484,Gram Main Chauraha,Ward 11,Jaipur Block 3,Public Works Department (PWD) Rural,Registered Contractor V-105 Pvt Ltd,2025-03-26,True,True,True,True,True,OFFICIAL_ESAKSHI_DATA
MPLAD-UT-2024-0123,Rajnath Singh,Uttar Pradesh,Lucknow,LUCKNOW,Installation of Solar Dual Pump Tube Well at Shivaji Nagar,Drinking Water & Tube Wells,Standard infrastructure project under MPLADS guidelines for drinking water & tube wells to improve citizen access and public amenity.,2024-03-19,2024-04-20,2024-05-30,2024-09-11,2024-10-07,COMPLETED,627000.0,627000.0,637765.63,100.0,100.0,26.835744,80.890231,Gram Shivaji Nagar,Ward 11,Lucknow Block 3,Zila Parishad Engineering Wing,Registered Contractor V-160 Pvt Ltd,2024-08-26,True,True,True,True,True,OFFICIAL_ESAKSHI_DATA
MPLAD-MA-2024-0124,MURLIDHAR MOHOL,Maharashtra,Pune,PUNE,Installation of Decentralized Solid Waste Management Unit at Ram Mandir,Public Sanitation & Drainage,Standard infrastructure project under MPLADS guidelines for public sanitation & drainage to improve citizen access and public amenity.,2024-05-20,2024-06-29,2024-07-16,2024-12-04,,IN_PROGRESS,750000.0,750000.0,233250.0,36.1,31.1,18.539142,73.803006,Gram Bus Stand,Ward 15,Pune Block 3,Public Health Engineering Department (PHED),Registered Contractor V-155 Pvt Ltd,2026-07-31,False,False,False,True,True,OFFICIAL_ESAKSHI_DATA
MPLAD-KA-2024-0125,YADUVEER KRISHNADATTA CHAMARAJA WADIYAR,Karnataka,Mysuru,MYSORE,Covered Drain Construction from Main Chowk to Panchayat Bhavan,Public Sanitation & Drainage,Standard infrastructure project under MPLADS guidelines for public sanitation & drainage to improve citizen access and public amenity.,2024-03-16,2024-04-28,2024-06-04,2024-10-02,2024-10-16,COMPLETED,771000.0,771000.0,772554.61,100.0,100.0,12.307431,76.613203,Gram Shivaji Nagar,Ward 4,Mysuru Block 6,Zila Parishad Engineering Wing,Registered Contractor V-102 Pvt Ltd,2024-09-27,True,True,True,True,True,OFFICIAL_ESAKSHI_DATA
MPLAD-KA-2024-0126,YADUVEER KRISHNADATTA CHAMARAJA WADIYAR,Karnataka,Mysuru,MYSORE,Development of Community Sanitary Complex with Septic Facility,Public Sanitation & Drainage,Standard infrastructure project under MPLADS guidelines for public sanitation & drainage to improve citizen access and public amenity.,2024-02-13,2024-04-03,2024-04-22,2024-09-17,,IN_PROGRESS,740000.0,740000.0,444740.0,61.3,60.1,12.299849,76.645349,Gram Kisan Mandi,Ward 8,Mysuru Block 6,Public Works Department (PWD) Rural,Registered Contractor V-129 Pvt Ltd,2026-07-24,False,False,False,True,True,OFFICIAL_ESAKSHI_DATA
MPLAD-RA-2024-0127,Gajendra Singh Shekhawat,Rajasthan,Jodhpur,JODHPUR,Installation of Decentralized Solid Waste Management Unit at Panchayat Bhavan,Public Sanitation & Drainage,Standard infrastructure project under MPLADS guidelines for public sanitation & drainage to improve citizen access and public amenity.,2024-08-31,2024-10-26,2024-11-13,2025-02-18,,IN_PROGRESS,570000.0,570000.0,427500.0,79.2,75.0,26.27483,73.030113,Gram Hanuman Chowk,Ward 22,Jodhpur Block 2,District Urban Development Agency (DUDA),Registered Contractor V-110 Pvt Ltd,2026-07-24,False,True,False,True,True,OFFICIAL_ESAKSHI_DATA
MPLAD-UT-2024-0128,Shri Narendra Modi,Uttar Pradesh,Varanasi,VARANASI,Installation of Decentralized Solid Waste Management Unit at Shivaji Nagar,Public Sanitation & Drainage,Standard infrastructure project under MPLADS guidelines for public sanitation & drainage to improve citizen access and public amenity.,2024-05-05,2024-06-02,2024-07-03,2024-11-23,,IN_PROGRESS,718000.0,718000.0,201040.0,28.5,28.0,25.308182,83.026017,Gram Govt Hospital,Ward 27,Varanasi Block 1,Public Health Engineering Department (PHED),Registered Contractor V-108 Pvt Ltd,2026-07-16,False,False,False,True,True,OFFICIAL_ESAKSHI_DATA
MPLAD-MA-2024-0129,MURLIDHAR MOHOL,Maharashtra,Pune,PUNE,Upgradation and Tarring of Rural Link Road near Panchayat Bhavan,Road Works,Standard infrastructure project under MPLADS guidelines for road works to improve citizen access and public amenity.,2024-07-07,2024-07-31,2024-09-01,2024-12-07,,IN_PROGRESS,1268000.0,1268000.0,628928.0,32.1,49.6,18.505222,73.844719,Gram Kisan Mandi,Ward 21,Pune Block 6,Public Health Engineering Department (PHED),Registered Contractor V-145 Pvt Ltd,2026-06-28,False,False,False,False,True,OFFICIAL_ESAKSHI_DATA
MPLAD-UT-2024-0130,Rajnath Singh,Uttar Pradesh,Lucknow,LUCKNOW,Development of Science Laboratory & Smart Classroom at Market Yard,School Infrastructure & Classrooms,Standard infrastructure project under MPLADS guidelines for school infrastructure & classrooms to improve citizen access and public amenity.,2024-04-15,2024-05-10,2024-06-15,2024-12-06,,IN_PROGRESS,1820000.0,1820000.0,926380.0,34.0,50.9,26.897252,80.977212,Gram Shivaji Nagar,Ward 8,Lucknow Block 1,Public Health Engineering Department (PHED),Registered Contractor V-149 Pvt Ltd,2026-06-23,False,False,False,True,True,OFFICIAL_ESAKSHI_DATA
MPLAD-RA-2024-0131,Gajendra Singh Shekhawat,Rajasthan,Jodhpur,JODHPUR,"Construction of 2 Additional Classrooms in Govt Upper Primary School, Bus Stand",School Infrastructure & Classrooms,Standard infrastructure project under MPLADS guidelines for school infrastructure & classrooms to improve citizen access and public amenity.,2024-05-25,2024-07-08,2024-08-18,2024-12-15,2024-12-09,COMPLETED,1742000.0,1742000.0,1763267.5,100.0,100.0,26.245905,72.94832,Gram Ram Mandir,Ward 26,Jodhpur Block 6,Zila Parishad Engineering Wing,Registered Contractor V-155 Pvt Ltd,2024-12-02,True,True,True,True,True,OFFICIAL_ESAKSHI_DATA
MPLAD-UT-2024-0132,Shri Narendra Modi,Uttar Pradesh,Varanasi,VARANASI,Sinking of Deep Borewell with Overhead Storage Tank near Market Yard,Drinking Water & Tube Wells,Standard infrastructure project under MPLADS guidelines for drinking water & tube wells to improve citizen access and public amenity.,2024-02-04,2024-04-02,2024-04-18,2024-09-12,,IN_PROGRESS,745000.0,745000.0,453705.0,67.2,60.9,25.364306,82.914282,Gram Gandhi Park,Ward 7,Varanasi Block 1,Public Works Department (PWD) Rural,Registered Contractor V-109 Pvt Ltd,2026-07-18,False,False,False,True,True,OFFICIAL_ESAKSHI_DATA
MPLAD-MA-2024-0133,Nitin Jairam Gadkari,Maharashtra,Nagpur,NAGPUR,"Augmentation of Village Piped Drinking Water Scheme, Ward 34",Drinking Water & Tube Wells,Standard infrastructure project under MPLADS guidelines for drinking water & tube wells to improve citizen access and public amenity.,2024-06-05,2024-08-02,2024-09-10,2025-03-05,,IN_PROGRESS,564000.0,564000.0,250980.0,39.2,44.5,21.159242,79.087056,Gram Govt Hospital,Ward 2,Nagpur Block 5,Zila Parishad Engineering Wing,Registered Contractor V-141 Pvt Ltd,2026-07-20,False,False,False,True,True,OFFICIAL_ESAKSHI_DATA
MPLAD-MA-2024-0134,Nitin Jairam Gadkari,Maharashtra,Nagpur,NAGPUR,Development of Community Sanitary Complex with Septic Facility,Public Sanitation & Drainage,Standard infrastructure project under MPLADS guidelines for public sanitation & drainage to improve citizen access and public amenity.,2024-04-07,2024-05-21,2024-06-30,2024-12-04,2024-12-15,COMPLETED,702000.0,702000.0,672225.61,100.0,100.0,21.142681,79.042544,Gram Kisan Mandi,Ward 18,Nagpur Block 4,Public Health Engineering Department (PHED),Registered Contractor V-107 Pvt Ltd,2024-11-19,True,True,True,True,True,OFFICIAL_ESAKSHI_DATA
MPLAD-MA-2024-0135,MURLIDHAR MOHOL,Maharashtra,Pune,PUNE,Construction of Community Welfare Center at Primary Health Center,Community Hall & Cultural Centers,Standard infrastructure project under MPLADS guidelines for community hall & cultural centers to improve citizen access and public amenity.,2024-08-31,2024-09-23,2024-10-25,2025-03-16,,IN_PROGRESS,2615000.0,2615000.0,1511470.0,46.7,57.8,18.481856,73.873769,Gram Main Chauraha,Ward 15,Pune Block 3,Public Works Department (PWD) Rural,Registered Contractor V-160 Pvt Ltd,2026-06-15,False,False,False,False,True,OFFICIAL_ESAKSHI_DATA
MPLAD-RA-2024-0136,MANJU SHARMA,Rajasthan,Jaipur,JAIPUR,Construction of Cement Concrete Lane in Ward No. 31,Road Works,Standard infrastructure project under MPLADS guidelines for road works to improve citizen access and public amenity.,2024-06-30,2024-08-27,2024-09-30,2025-01-03,,IN_PROGRESS,1539000.0,1539000.0,795663.0,35.6,51.7,26.902226,75.859228,Gram Govt Hospital,Ward 30,Jaipur Block 1,District Urban Development Agency (DUDA),Registered Contractor V-149 Pvt Ltd,2026-05-26,False,False,False,True,True,OFFICIAL_ESAKSHI_DATA
MPLAD-MA-2024-0137,MURLIDHAR MOHOL,Maharashtra,Pune,PUNE,Construction of Cement Concrete Lane in Ward No. 25,Road Works,Standard infrastructure project under MPLADS guidelines for road works to improve citizen access and public amenity.,2024-07-06,2024-09-02,2024-10-09,2025-02-02,,IN_PROGRESS,1443000.0,1443000.0,532467.0,39.4,36.9,18.504766,73.840052,Gram Govt Hospital,Ward 9,Pune Block 3,Public Health Engineering Department (PHED),Registered Contractor V-132 Pvt Ltd,2026-08-01,False,False,False,True,True,OFFICIAL_ESAKSHI_DATA
MPLAD-UT-2024-0138,Rajnath Singh,Uttar Pradesh,Lucknow,LUCKNOW,Laying of Interlocking Tile Road at Govt Hospital Sector 2,Road Works,Standard infrastructure project under MPLADS guidelines for road works to improve citizen access and public amenity.,2024-08-31,2024-10-03,2024-10-29,2025-03-08,,IN_PROGRESS,1563000.0,1563000.0,858087.0,58.8,54.9,26.827134,80.896007,Gram Ambedkar Nagar,Ward 24,Lucknow Block 4,Public Health Engineering Department (PHED),Registered Contractor V-141 Pvt Ltd,2026-08-06,False,False,False,True,True,OFFICIAL_ESAKSHI_DATA
MPLAD-KA-2024-0139,DR C N MANJUNATH,Karnataka,Bengaluru Rural,BANGALORE RURAL,Construction of Community RO Water Filtration Plant at Shivaji Nagar,Drinking Water & Tube Wells,Standard infrastructure project under MPLADS guidelines for drinking water & tube wells to improve citizen access and public amenity.,2024-04-16,2024-06-11,2024-07-22,2024-11-20,,IN_PROGRESS,741000.0,741000.0,495729.0,64.3,66.9,13.226012,77.495102,Gram Railway Crossing,Ward 6,Bengaluru Rural Block 6,District Urban Development Agency (DUDA),Registered Contractor V-130 Pvt Ltd,2026-08-02,False,False,False,True,True,OFFICIAL_ESAKSHI_DATA
MPLAD-KA-2024-0140,DR C N MANJUNATH,Karnataka,Bengaluru Rural,BANGALORE RURAL,Construction of Community RO Water Filtration Plant at Kisan Mandi,Drinking Water & Tube Wells,Standard infrastructure project under MPLADS guidelines for drinking water & tube wells to improve citizen access and public amenity.,2024-02-26,2024-04-20,2024-05-25,2024-08-30,,IN_PROGRESS,858000.0,858000.0,594594.0,75.3,69.3,13.225475,77.593011,Gram Panchayat Bhavan,Ward 27,Bengaluru Rural Block 6,Zila Parishad Engineering Wing,Registered Contractor V-163 Pvt Ltd,2026-07-15,False,False,False,True,True,OFFICIAL_ESAKSHI_DATA
MPLAD-MA-2024-0141,MURLIDHAR MOHOL,Maharashtra,Pune,PUNE,Construction of Community RO Water Filtration Plant at Ram Mandir,Drinking Water & Tube Wells,Standard infrastructure project under MPLADS guidelines for drinking water & tube wells to improve citizen access and public amenity.,2024-05-18,2024-07-06,2024-08-01,2024-11-06,,IN_PROGRESS,684000.0,684000.0,455544.0,65.0,66.6,18.550197,73.834987,Gram Ram Mandir,Ward 1,Pune Block 5,Gram Panchayat Works Division,Registered Contractor V-128 Pvt Ltd,2026-07-26,False,False,False,True,True,OFFICIAL_ESAKSHI_DATA
MPLAD-KA-2024-0142,YADUVEER KRISHNADATTA CHAMARAJA WADIYAR,Karnataka,Mysuru,MYSORE,Construction of Cement Concrete Lane in Ward No. 13,Road Works,Standard infrastructure project under MPLADS guidelines for road works to improve citizen access and public amenity.,2024-08-03,2024-09-03,2024-09-21,2025-04-16,2025-04-16,COMPLETED,1364000.0,1364000.0,1361888.94,100.0,100.0,12.316083,76.620245,Gram Navodaya Vidyalaya,Ward 12,Mysuru Block 3,Zila Parishad Engineering Wing,Registered Contractor V-156 Pvt Ltd,2025-04-10,True,True,True,True,True,OFFICIAL_ESAKSHI_DATA
MPLAD-UT-2024-0143,Shri Narendra Modi,Uttar Pradesh,Varanasi,VARANASI,Construction of B.R. Ambedkar Community Bhavan near Hanuman Chowk,Community Hall & Cultural Centers,Standard infrastructure project under MPLADS guidelines for community hall & cultural centers to improve citizen access and public amenity.,2024-06-02,2024-07-07,2024-08-13,2024-12-09,2025-01-04,COMPLETED,2874000.0,2874000.0,2740842.75,100.0,100.0,25.264568,83.021741,Gram Market Yard,Ward 18,Varanasi Block 4,Public Health Engineering Department (PHED),Registered Contractor V-159 Pvt Ltd,2024-12-05,True,True,True,True,True,OFFICIAL_ESAKSHI_DATA
MPLAD-RA-2024-0144,MANJU SHARMA,Rajasthan,Jaipur,JAIPUR,Construction of Community RO Water Filtration Plant at Bus Stand,Drinking Water & Tube Wells,Standard infrastructure project under MPLADS guidelines for drinking water & tube wells to improve citizen access and public amenity.,2024-08-13,2024-09-29,2024-11-03,2025-05-12,2025-05-30,COMPLETED,661000.0,661000.0,687123.17,100.0,100.0,26.903684,75.817099,Gram Govt Hospital,Ward 2,Jaipur Block 1,Gram Panchayat Works Division,Registered Contractor V-164 Pvt Ltd,2025-05-07,True,True,True,True,True,OFFICIAL_ESAKSHI_DATA
MPLAD-KA-2024-0145,DR C N MANJUNATH,Karnataka,Bengaluru Rural,BANGALORE RURAL,Construction of Community RO Water Filtration Plant at Ambedkar Nagar,Drinking Water & Tube Wells,Standard infrastructure project under MPLADS guidelines for drinking water & tube wells to improve citizen access and public amenity.,2024-03-03,2024-04-29,2024-05-18,2024-11-20,,IN_PROGRESS,738000.0,738000.0,592614.0,74.3,80.3,13.331761,77.614185,Gram Shastri Colony,Ward 29,Bengaluru Rural Block 5,District Urban Development Agency (DUDA),Registered Contractor V-103 Pvt Ltd,2026-08-01,False,True,False,True,True,OFFICIAL_ESAKSHI_DATA
MPLAD-KA-2024-0146,YADUVEER KRISHNADATTA CHAMARAJA WADIYAR,Karnataka,Mysuru,MYSORE,Installation of Solar Dual Pump Tube Well at Kisan Mandi,Drinking Water & Tube Wells,Standard infrastructure project under MPLADS guidelines for drinking water & tube wells to improve citizen access and public amenity.,2024-07-18,2024-08-29,2024-09-14,2024-12-25,,IN_PROGRESS,768000.0,768000.0,561408.0,75.3,73.1,12.262356,76.583174,Gram Shastri Colony,Ward 9,Mysuru Block 4,Gram Panchayat Works Division,Registered Contractor V-165 Pvt Ltd,2026-07-17,False,False,False,True,True,OFFICIAL_ESAKSHI_DATA
MPLAD-UT-2024-0147,Shri Narendra Modi,Uttar Pradesh,Varanasi,VARANASI,Construction of Community Welfare Center at Shivaji Nagar,Community Hall & Cultural Centers,Standard infrastructure project under MPLADS guidelines for community hall & cultural centers to improve citizen access and public amenity.,2024-04-29,2024-05-30,2024-07-05,2024-12-16,,IN_PROGRESS,2214000.0,2214000.0,704052.0,30.1,31.8,25.291128,82.924121,Gram Govt Hospital,Ward 5,Varanasi Block 4,Zila Parishad Engineering Wing,Registered Contractor V-149 Pvt Ltd,2026-07-16,False,False,False,True,True,OFFICIAL_ESAKSHI_DATA
MPLAD-MA-2024-0148,Nitin Jairam Gadkari,Maharashtra,Nagpur,NAGPUR,Construction of B.R. Ambedkar Community Bhavan near Market Yard,Community Hall & Cultural Centers,Standard infrastructure project under MPLADS guidelines for community hall & cultural centers to improve citizen access and public amenity.,2024-02-02,2024-02-22,2024-04-07,2024-08-14,,IN_PROGRESS,2654000.0,2654000.0,1727754.0,70.7,65.1,21.107946,79.14725,Gram Hanuman Chowk,Ward 1,Nagpur Block 1,District Urban Development Agency (DUDA),Registered Contractor V-114 Pvt Ltd,2026-08-08,False,False,False,True,True,OFFICIAL_ESAKSHI_DATA
MPLAD-KA-2024-0149,DR C N MANJUNATH,Karnataka,Bengaluru Rural,BANGALORE RURAL,Development of Community Sanitary Complex with Septic Facility,Public Sanitation & Drainage,Standard infrastructure project under MPLADS guidelines for public sanitation & drainage to improve citizen access and public amenity.,2024-08-18,2024-10-01,2024-10-16,2025-02-20,,IN_PROGRESS,656000.0,656000.0,491344.0,71.8,74.9,13.223721,77.626798,Gram Shastri Colony,Ward 13,Bengaluru Rural Block 2,Zila Parishad Engineering Wing,Registered Contractor V-142 Pvt Ltd,2026-07-24,False,False,False,True,True,OFFICIAL_ESAKSHI_DATA
MPLAD-MA-2024-0150,Nitin Jairam Gadkari,Maharashtra,Nagpur,NAGPUR,"Development of Multipurpose Cultural Hall, Ward 5",Community Hall & Cultural Centers,Standard infrastructure project under MPLADS guidelines for community hall & cultural centers to improve citizen access and public amenity.,2024-02-16,2024-03-11,2024-03-31,2024-08-23,2024-09-07,COMPLETED,2555000.0,2555000.0,2537539.01,100.0,100.0,21.115655,79.141509,Gram Shivaji Nagar,Ward 21,Nagpur Block 4,District Urban Development Agency (DUDA),Registered Contractor V-164 Pvt Ltd,2024-08-12,True,True,True,True,True,OFFICIAL_ESAKSHI_DATA
MPLAD-MA-2024-0151,Nitin Jairam Gadkari,Maharashtra,Nagpur,NAGPUR,Laying of Interlocking Tile Road at Navodaya Vidyalaya Sector 28,Road Works,Standard infrastructure project under MPLADS guidelines for road works to improve citizen access and public amenity.,2024-01-11,2024-02-25,2024-03-21,2024-10-04,,IN_PROGRESS,1868000.0,1868000.0,1322544.0,73.2,70.8,21.132218,79.064806,Gram Panchayat Bhavan,Ward 10,Nagpur Block 3,Public Works Department (PWD) Rural,Registered Contractor V-139 Pvt Ltd,2026-07-31,False,False,False,True,True,OFFICIAL_ESAKSHI_DATA
MPLAD-MA-2024-0152,Nitin Jairam Gadkari,Maharashtra,Nagpur,NAGPUR,Construction of B.R. Ambedkar Community Bhavan near Govt Hospital,Community Hall & Cultural Centers,Standard infrastructure project under MPLADS guidelines for community hall & cultural centers to improve citizen access and public amenity.,2024-03-31,2024-05-08,2024-06-15,2024-12-10,,IN_PROGRESS,2671000.0,2671000.0,2323770.0,83.1,87.0,21.099962,79.021218,Gram Primary Health Center,Ward 4,Nagpur Block 5,Public Works Department (PWD) Rural,Registered Contractor V-151 Pvt Ltd,2026-07-31,False,True,False,True,True,OFFICIAL_ESAKSHI_DATA
MPLAD-MA-2024-0153,MURLIDHAR MOHOL,Maharashtra,Pune,PUNE,Covered Drain Construction from Main Chowk to Panchayat Bhavan,Public Sanitation & Drainage,Standard infrastructure project under MPLADS guidelines for public sanitation & drainage to improve citizen access and public amenity.,2024-07-09,2024-08-11,2024-09-09,2025-03-20,2025-03-31,COMPLETED,622000.0,622000.0,600407.84,100.0,100.0,18.521369,73.861158,Gram Bus Stand,Ward 9,Pune Block 6,Gram Panchayat Works Division,Registered Contractor V-160 Pvt Ltd,2025-03-16,True,True,True,True,True,OFFICIAL_ESAKSHI_DATA
MPLAD-MA-2024-0154,Nitin Jairam Gadkari,Maharashtra,Nagpur,NAGPUR,"Modernization of School Boundary Wall and Playground, Ward 35",School Infrastructure & Classrooms,Standard infrastructure project under MPLADS guidelines for school infrastructure & classrooms to improve citizen access and public amenity.,2024-06-11,2024-07-31,2024-09-02,2025-01-21,,IN_PROGRESS,1742000.0,1742000.0,1491152.0,80.4,85.6,21.137453,79.065428,Gram Shivaji Nagar,Ward 29,Nagpur Block 5,Gram Panchayat Works Division,Registered Contractor V-158 Pvt Ltd,2026-07-28,False,True,False,True,True,OFFICIAL_ESAKSHI_DATA
MPLAD-RA-2024-0155,MANJU SHARMA,Rajasthan,Jaipur,JAIPUR,"Augmentation of Village Piped Drinking Water Scheme, Ward 7",Drinking Water & Tube Wells,Standard infrastructure project under MPLADS guidelines for drinking water & tube wells to improve citizen access and public amenity.,2024-06-23,2024-08-21,2024-09-06,2025-02-15,,IN_PROGRESS,754000.0,754000.0,478790.0,50.3,63.5,26.891666,75.75706,Gram Bus Stand,Ward 17,Jaipur Block 6,District Urban Development Agency (DUDA),Registered Contractor V-122 Pvt Ltd,2026-06-09,False,False,False,False,True,OFFICIAL_ESAKSHI_DATA
MPLAD-MA-2024-0156,Nitin Jairam Gadkari,Maharashtra,Nagpur,NAGPUR,Construction of Community Welfare Center at Govt Hospital,Community Hall & Cultural Centers,Standard infrastructure project under MPLADS guidelines for community hall & cultural centers to improve citizen access and public amenity.,2024-07-25,2024-09-20,2024-10-27,2025-03-30,2025-04-14,COMPLETED,2386000.0,2386000.0,2293432.48,100.0,100.0,21.116717,79.097666,Gram Hanuman Chowk,Ward 27,Nagpur Block 6,Public Health Engineering Department (PHED),Registered Contractor V-160 Pvt Ltd,2025-03-28,True,True,True,True,True,OFFICIAL_ESAKSHI_DATA
MPLAD-MA-2024-0157,Nitin Jairam Gadkari,Maharashtra,Nagpur,NAGPUR,Erection of Senior Citizen Pavilion at Primary Health Center Panchayat,Community Hall & Cultural Centers,Standard infrastructure project under MPLADS guidelines for community hall & cultural centers to improve citizen access and public amenity.,2024-07-28,2024-08-30,2024-09-30,2025-02-28,2025-03-13,COMPLETED,2468000.0,2468000.0,2408250.42,100.0,100.0,21.159459,79.085228,Gram Ram Mandir,Ward 26,Nagpur Block 6,District Urban Development Agency (DUDA),Registered Contractor V-159 Pvt Ltd,2025-02-23,True,True,True,True,True,OFFICIAL_ESAKSHI_DATA
MPLAD-RA-2024-0158,MANJU SHARMA,Rajasthan,Jaipur,JAIPUR,"Development of Multipurpose Cultural Hall, Ward 15",Community Hall & Cultural Centers,Standard infrastructure project under MPLADS guidelines for community hall & cultural centers to improve citizen access and public amenity.,2024-09-04,2024-10-09,2024-11-09,2025-03-01,,IN_PROGRESS,2118000.0,2118000.0,929802.0,44.9,43.9,26.921975,75.804832,Gram Panchayat Bhavan,Ward 21,Jaipur Block 6,Gram Panchayat Works Division,Registered Contractor V-122 Pvt Ltd,2026-07-27,False,False,False,True,True,OFFICIAL_ESAKSHI_DATA
MPLAD-UT-2024-0159,Rajnath Singh,Uttar Pradesh,Lucknow,LUCKNOW,"Construction of CC Road from Kisan Mandi to Shivaji Nagar, Ward 18",Road Works,Standard infrastructure project under MPLADS guidelines for road works to improve citizen access and public amenity.,2024-05-04,2024-06-30,2024-07-28,2024-12-14,2024-12-12,COMPLETED,1279000.0,1279000.0,1313468.15,100.0,100.0,26.850177,80.972499,Gram Ambedkar Nagar,Ward 4,Lucknow Block 5,Zila Parishad Engineering Wing,Registered Contractor V-126 Pvt Ltd,2024-12-06,True,True,True,True,True,OFFICIAL_ESAKSHI_DATA
MPLAD-MA-2024-0160,Nitin Jairam Gadkari,Maharashtra,Nagpur,NAGPUR,Erection of Senior Citizen Pavilion at Ambedkar Nagar Panchayat,Community Hall & Cultural Centers,Standard infrastructure project under MPLADS guidelines for community hall & cultural centers to improve citizen access and public amenity.,2024-02-08,2024-03-15,2024-04-20,2024-11-06,,IN_PROGRESS,2111000.0,2111000.0,1697244.0,83.0,80.4,21.164818,79.068441,Gram Primary Health Center,Ward 28,Nagpur Block 4,Public Works Department (PWD) Rural,Registered Contractor V-159 Pvt Ltd,2026-07-29,False,True,False,True,True,OFFICIAL_ESAKSHI_DATA
MPLAD-MA-2024-0161,Nitin Jairam Gadkari,Maharashtra,Nagpur,NAGPUR,Installation of Decentralized Solid Waste Management Unit at Shivaji Nagar,Public Sanitation & Drainage,Standard infrastructure project under MPLADS guidelines for public sanitation & drainage to improve citizen access and public amenity.,2024-06-30,2024-07-28,2024-08-22,2024-12-05,2024-12-01,COMPLETED,614000.0,614000.0,620792.07,100.0,100.0,21.155592,78.992267,Gram Market Yard,Ward 20,Nagpur Block 2,Zila Parishad Engineering Wing,Registered Contractor V-111 Pvt Ltd,2024-11-30,True,True,True,True,True,OFFICIAL_ESAKSHI_DATA
MPLAD-UT-2024-0162,Rajnath Singh,Uttar Pradesh,Lucknow,LUCKNOW,Installation of Solar Dual Pump Tube Well at Navodaya Vidyalaya,Drinking Water & Tube Wells,Standard infrastructure project under MPLADS guidelines for drinking water & tube wells to improve citizen access and public amenity.,2024-07-05,2024-08-05,2024-09-06,2024-12-26,,IN_PROGRESS,600000.0,600000.0,184800.0,33.4,30.8,26.835965,80.968551,Gram Railway Crossing,Ward 5,Lucknow Block 2,Public Health Engineering Department (PHED),Registered Contractor V-169 Pvt Ltd,2026-07-27,False,False,False,True,True,OFFICIAL_ESAKSHI_DATA
MPLAD-UT-2024-0163,Rajnath Singh,Uttar Pradesh,Lucknow,LUCKNOW,Development of Science Laboratory & Smart Classroom at Ram Mandir,School Infrastructure & Classrooms,Standard infrastructure project under MPLADS guidelines for school infrastructure & classrooms to improve citizen access and public amenity.,2024-07-09,2024-08-26,2024-09-25,2025-01-14,2025-01-13,COMPLETED,1705000.0,1705000.0,1677141.03,100.0,100.0,26.844387,80.903814,Gram Gandhi Park,Ward 10,Lucknow Block 2,Public Health Engineering Department (PHED),Registered Contractor V-154 Pvt Ltd,2025-01-12,True,True,True,True,True,OFFICIAL_ESAKSHI_DATA
MPLAD-UT-2024-0164,Rajnath Singh,Uttar Pradesh,Lucknow,LUCKNOW,Installation of Decentralized Solid Waste Management Unit at Kisan Mandi,Public Sanitation & Drainage,Standard infrastructure project under MPLADS guidelines for public sanitation & drainage to improve citizen access and public amenity.,2024-06-04,2024-07-01,2024-07-24,2025-01-29,,IN_PROGRESS,709000.0,709000.0,603359.0,84.5,85.1,26.848359,80.925131,Gram Gandhi Park,Ward 7,Lucknow Block 4,Zila Parishad Engineering Wing,Registered Contractor V-115 Pvt Ltd,2026-07-17,False,True,False,True,True,OFFICIAL_ESAKSHI_DATA
MPLAD-RA-2024-0165,MANJU SHARMA,Rajasthan,Jaipur,JAIPUR,Erection of Senior Citizen Pavilion at Kisan Mandi Panchayat,Community Hall & Cultural Centers,Standard infrastructure project under MPLADS guidelines for community hall & cultural centers to improve citizen access and public amenity.,2024-03-17,2024-04-28,2024-06-09,2024-12-20,2024-12-20,COMPLETED,2192000.0,2192000.0,2172675.53,100.0,100.0,26.951122,75.814307,Gram Navodaya Vidyalaya,Ward 23,Jaipur Block 5,Gram Panchayat Works Division,Registered Contractor V-158 Pvt Ltd,2024-12-15,True,True,True,True,True,OFFICIAL_ESAKSHI_DATA
MPLAD-UT-2024-0166,Shri Narendra Modi,Uttar Pradesh,Varanasi,VARANASI,Covered Drain Construction from Main Chowk to Shivaji Nagar,Public Sanitation & Drainage,Standard infrastructure project under MPLADS guidelines for public sanitation & drainage to improve citizen access and public amenity.,2024-08-05,2024-09-07,2024-10-17,2025-01-22,,IN_PROGRESS,634000.0,634000.0,369622.0,56.9,58.3,25.402785,82.994098,Gram Ambedkar Nagar,Ward 9,Varanasi Block 5,Public Works Department (PWD) Rural,Registered Contractor V-127 Pvt Ltd,2026-08-05,False,False,False,True,True,OFFICIAL_ESAKSHI_DATA
MPLAD-RA-2024-0167,MANJU SHARMA,Rajasthan,Jaipur,JAIPUR,"Construction of Separate Girls Sanitation Facility at Govt High School, Navodaya Vidyalaya",School Infrastructure & Classrooms,Standard infrastructure project under MPLADS guidelines for school infrastructure & classrooms to improve citizen access and public amenity.,2024-08-18,2024-09-15,2024-10-22,2025-05-10,2025-06-09,COMPLETED,1869000.0,1869000.0,1882919.02,100.0,100.0,26.92539,75.766161,Gram Railway Crossing,Ward 5,Jaipur Block 5,Gram Panchayat Works Division,Registered Contractor V-136 Pvt Ltd,2025-05-04,True,True,True,True,True,OFFICIAL_ESAKSHI_DATA
MPLAD-KA-2024-0168,YADUVEER KRISHNADATTA CHAMARAJA WADIYAR,Karnataka,Mysuru,MYSORE,"Construction of 2 Additional Classrooms in Govt Upper Primary School, Primary Health Center",School Infrastructure & Classrooms,Standard infrastructure project under MPLADS guidelines for school infrastructure & classrooms to improve citizen access and public amenity.,2024-06-20,2024-07-15,2024-08-11,2025-01-13,,IN_PROGRESS,1875000.0,1875000.0,1350000.0,66.7,72.0,12.290351,76.635205,Gram Navodaya Vidyalaya,Ward 25,Mysuru Block 6,Public Health Engineering Department (PHED),Registered Contractor V-110 Pvt Ltd,2026-07-27,False,False,False,True,True,OFFICIAL_ESAKSHI_DATA
MPLAD-RA-2024-0169,Gajendra Singh Shekhawat,Rajasthan,Jodhpur,JODHPUR,"Development of Multipurpose Cultural Hall, Ward 22",Community Hall & Cultural Centers,Standard infrastructure project under MPLADS guidelines for community hall & cultural centers to improve citizen access and public amenity.,2024-04-20,2024-05-23,2024-07-07,2024-11-28,,IN_PROGRESS,2308000.0,2308000.0,1204776.0,54.7,52.2,26.218092,73.044891,Gram Ambedkar Nagar,Ward 28,Jodhpur Block 4,Gram Panchayat Works Division,Registered Contractor V-169 Pvt Ltd,2026-08-01,False,False,False,True,True,OFFICIAL_ESAKSHI_DATA
MPLAD-KA-2024-0170,DR C N MANJUNATH,Karnataka,Bengaluru Rural,BANGALORE RURAL,Upgradation and Tarring of Rural Link Road near Bus Stand,Road Works,Standard infrastructure project under MPLADS guidelines for road works to improve citizen access and public amenity.,2024-01-14,2024-02-10,2024-03-25,2024-10-10,2024-09-25,COMPLETED,1799000.0,1799000.0,1803149.47,100.0,100.0,13.212833,77.594022,Gram Main Chauraha,Ward 21,Bengaluru Rural Block 3,Gram Panchayat Works Division,Registered Contractor V-159 Pvt Ltd,2024-09-24,True,True,True,True,True,OFFICIAL_ESAKSHI_DATA
MPLAD-MA-2024-0171,Nitin Jairam Gadkari,Maharashtra,Nagpur,NAGPUR,"Construction of CC Road from Market Yard to Shastri Colony, Ward 15",Road Works,Standard infrastructure project under MPLADS guidelines for road works to improve citizen access and public amenity.,2024-01-31,2024-03-14,2024-04-19,2024-11-10,,IN_PROGRESS,1831000.0,1831000.0,547469.0,28.1,29.9,21.176289,79.076789,Gram Shivaji Nagar,Ward 4,Nagpur Block 1,District Urban Development Agency (DUDA),Registered Contractor V-133 Pvt Ltd,2026-07-18,False,False,False,True,True,OFFICIAL_ESAKSHI_DATA
MPLAD-MA-2024-0172,Nitin Jairam Gadkari,Maharashtra,Nagpur,NAGPUR,Development of Approach Road connecting Shivaji Nagar Main Gate,Road Works,Standard infrastructure project under MPLADS guidelines for road works to improve citizen access and public amenity.,2024-03-07,2024-04-29,2024-06-04,2024-10-28,2024-10-20,COMPLETED,1406000.0,1406000.0,1400752.78,100.0,100.0,21.131517,79.016866,Gram Hanuman Chowk,Ward 8,Nagpur Block 4,Public Works Department (PWD) Rural,Registered Contractor V-176 Pvt Ltd,2024-10-16,True,True,True,True,True,OFFICIAL_ESAKSHI_DATA
MPLAD-RA-2024-0173,MANJU SHARMA,Rajasthan,Jaipur,JAIPUR,Laying of Interlocking Tile Road at Hanuman Chowk Sector 10,Road Works,Standard infrastructure project under MPLADS guidelines for road works to improve citizen access and public amenity.,2024-08-22,2024-09-30,2024-10-19,2025-03-06,,IN_PROGRESS,1297000.0,1297000.0,844347.0,70.2,65.1,26.949206,75.757776,Gram Ram Mandir,Ward 20,Jaipur Block 6,District Urban Development Agency (DUDA),Registered Contractor V-148 Pvt Ltd,2026-07-20,False,False,False,True,True,OFFICIAL_ESAKSHI_DATA
MPLAD-MA-2024-0174,Nitin Jairam Gadkari,Maharashtra,Nagpur,NAGPUR,Construction of B.R. Ambedkar Community Bhavan near Ambedkar Nagar,Community Hall & Cultural Centers,Standard infrastructure project under MPLADS guidelines for community hall & cultural centers to improve citizen access and public amenity.,2024-09-01,2024-10-17,2024-11-20,2025-05-16,,IN_PROGRESS,2637000.0,2637000.0,1149732.0,38.0,43.6,21.146362,79.079829,Gram Primary Health Center,Ward 14,Nagpur Block 3,Public Works Department (PWD) Rural,Registered Contractor V-120 Pvt Ltd,2026-08-06,False,False,False,True,True,OFFICIAL_ESAKSHI_DATA
MPLAD-MA-2024-0175,MURLIDHAR MOHOL,Maharashtra,Pune,PUNE,"Development of Multipurpose Cultural Hall, Ward 20",Community Hall & Cultural Centers,Standard infrastructure project under MPLADS guidelines for community hall & cultural centers to improve citizen access and public amenity.,2024-05-30,2024-07-27,2024-08-30,2025-02-28,,IN_PROGRESS,2145000.0,2145000.0,1595880.0,71.7,74.4,18.551634,73.860047,Gram Shivaji Nagar,Ward 13,Pune Block 3,Gram Panchayat Works Division,Registered Contractor V-132 Pvt Ltd,2026-07-14,False,False,False,True,True,OFFICIAL_ESAKSHI_DATA
MPLAD-RA-2024-0176,MANJU SHARMA,Rajasthan,Jaipur,JAIPUR,"Construction of Separate Girls Sanitation Facility at Govt High School, Panchayat Bhavan",School Infrastructure & Classrooms,Standard infrastructure project under MPLADS guidelines for school infrastructure & classrooms to improve citizen access and public amenity.,2024-03-11,2024-05-01,2024-06-05,2024-11-18,2024-11-26,COMPLETED,1976000.0,1976000.0,1943377.35,100.0,100.0,26.922443,75.793082,Gram Primary Health Center,Ward 18,Jaipur Block 6,Public Health Engineering Department (PHED),Registered Contractor V-115 Pvt Ltd,2024-11-16,True,True,True,True,True,OFFICIAL_ESAKSHI_DATA
MPLAD-MA-2024-0177,Nitin Jairam Gadkari,Maharashtra,Nagpur,NAGPUR,Laying of Interlocking Tile Road at Govt Hospital Sector 33,Road Works,Standard infrastructure project under MPLADS guidelines for road works to improve citizen access and public amenity.,2024-01-27,2024-02-16,2024-03-10,2024-07-05,2024-07-15,COMPLETED,1721000.0,1721000.0,1788788.91,100.0,100.0,21.157647,79.073665,Gram Kisan Mandi,Ward 14,Nagpur Block 4,Gram Panchayat Works Division,Registered Contractor V-176 Pvt Ltd,2024-07-02,True,True,True,True,True,OFFICIAL_ESAKSHI_DATA
MPLAD-UT-2024-0178,Shri Narendra Modi,Uttar Pradesh,Varanasi,VARANASI,"Construction of Underground Drainage System at Primary Health Center, Ward 35",Public Sanitation & Drainage,Standard infrastructure project under MPLADS guidelines for public sanitation & drainage to improve citizen access and public amenity.,2024-02-18,2024-03-26,2024-04-12,2024-08-19,2024-08-13,COMPLETED,681000.0,681000.0,668178.27,100.0,100.0,25.397074,82.956841,Gram Govt Hospital,Ward 23,Varanasi Block 4,Zila Parishad Engineering Wing,Registered Contractor V-179 Pvt Ltd,2024-08-11,True,True,True,True,True,OFFICIAL_ESAKSHI_DATA
MPLAD-MA-2024-0179,MURLIDHAR MOHOL,Maharashtra,Pune,PUNE,Installation of Solar Dual Pump Tube Well at Shivaji Nagar,Drinking Water & Tube Wells,Standard infrastructure project under MPLADS guidelines for drinking water & tube wells to improve citizen access and public amenity.,2024-02-08,2024-03-28,2024-05-01,2024-10-15,2024-10-07,COMPLETED,756000.0,756000.0,775841.88,100.0,100.0,18.549462,73.826737,Gram Panchayat Bhavan,Ward 16,Pune Block 3,Gram Panchayat Works Division,Registered Contractor V-156 Pvt Ltd,2024-10-08,True,True,True,True,True,OFFICIAL_ESAKSHI_DATA
MPLAD-KA-2024-0180,DR C N MANJUNATH,Karnataka,Bengaluru Rural,BANGALORE RURAL,Construction of Community Welfare Center at Hanuman Chowk,Community Hall & Cultural Centers,Standard infrastructure project under MPLADS guidelines for community hall & cultural centers to improve citizen access and public amenity.,2024-07-15,2024-08-11,2024-09-19,2025-04-12,2025-04-14,COMPLETED,2639000.0,2639000.0,2723779.8,100.0,100.0,13.207282,77.562837,Gram Railway Crossing,Ward 15,Bengaluru Rural Block 5,Public Works Department (PWD) Rural,Registered Contractor V-135 Pvt Ltd,2025-03-28,True,True,True,True,True,OFFICIAL_ESAKSHI_DATA
MPLAD-KA-2024-0181,DR C N MANJUNATH,Karnataka,Bengaluru Rural,BANGALORE RURAL,"Construction of 2 Additional Classrooms in Govt Upper Primary School, Bus Stand",School Infrastructure & Classrooms,Standard infrastructure project under MPLADS guidelines for school infrastructure & classrooms to improve citizen access and public amenity.,2024-04-13,2024-05-13,2024-06-05,2024-12-10,2025-01-07,COMPLETED,1751000.0,1751000.0,1703591.92,100.0,100.0,13.214554,77.540743,Gram Ram Mandir,Ward 28,Bengaluru Rural Block 1,Zila Parishad Engineering Wing,Registered Contractor V-122 Pvt Ltd,2024-11-20,True,True,True,True,True,OFFICIAL_ESAKSHI_DATA
MPLAD-MA-2024-0182,MURLIDHAR MOHOL,Maharashtra,Pune,PUNE,"Modernization of School Boundary Wall and Playground, Ward 21",School Infrastructure & Classrooms,Standard infrastructure project under MPLADS guidelines for school infrastructure & classrooms to improve citizen access and public amenity.,2024-09-01,2024-09-30,2024-10-20,2025-05-17,,IN_PROGRESS,2066000.0,2066000.0,981350.0,31.1,47.5,18.533606,73.890435,Gram Govt Hospital,Ward 27,Pune Block 1,District Urban Development Agency (DUDA),Registered Contractor V-150 Pvt Ltd,2026-06-04,False,False,False,True,True,OFFICIAL_ESAKSHI_DATA
MPLAD-KA-2024-0183,DR C N MANJUNATH,Karnataka,Bengaluru Rural,BANGALORE RURAL,Installation of Decentralized Solid Waste Management Unit at Primary Health Center,Public Sanitation & Drainage,Standard infrastructure project under MPLADS guidelines for public sanitation & drainage to improve citizen access and public amenity.,2024-03-07,2024-04-29,2024-05-15,2024-10-03,2024-10-06,COMPLETED,523000.0,523000.0,514929.9,100.0,100.0,13.272507,77.610301,Gram Ram Mandir,Ward 12,Bengaluru Rural Block 2,Gram Panchayat Works Division,Registered Contractor V-123 Pvt Ltd,2024-09-17,True,True,True,True,True,OFFICIAL_ESAKSHI_DATA
MPLAD-KA-2024-0184,YADUVEER KRISHNADATTA CHAMARAJA WADIYAR,Karnataka,Mysuru,MYSORE,Installation of Decentralized Solid Waste Management Unit at Panchayat Bhavan,Public Sanitation & Drainage,Standard infrastructure project under MPLADS guidelines for public sanitation & drainage to improve citizen access and public amenity.,2024-04-13,2024-06-09,2024-07-09,2025-01-13,,IN_PROGRESS,767000.0,767000.0,533832.0,68.9,69.6,12.305634,76.577145,Gram Ram Mandir,Ward 8,Mysuru Block 5,Public Works Department (PWD) Rural,Registered Contractor V-160 Pvt Ltd,2026-07-16,False,False,False,True,True,OFFICIAL_ESAKSHI_DATA
MPLAD-KA-2024-0185,DR C N MANJUNATH,Karnataka,Bengaluru Rural,BANGALORE RURAL,Construction of Community Welfare Center at Shivaji Nagar,Community Hall & Cultural Centers,Standard infrastructure project under MPLADS guidelines for community hall & cultural centers to improve citizen access and public amenity.,2024-08-14,2024-09-22,2024-10-10,2025-02-03,,IN_PROGRESS,2481000.0,2481000.0,972552.0,39.3,39.2,13.246903,77.573055,Gram Ram Mandir,Ward 30,Bengaluru Rural Block 2,Gram Panchayat Works Division,Registered Contractor V-149 Pvt Ltd,2026-08-09,False,False,False,True,True,OFFICIAL_ESAKSHI_DATA
MPLAD-UT-2024-0186,Rajnath Singh,Uttar Pradesh,Lucknow,LUCKNOW,"Modernization of School Boundary Wall and Playground, Ward 9",School Infrastructure & Classrooms,Standard infrastructure project under MPLADS guidelines for school infrastructure & classrooms to improve citizen access and public amenity.,2024-02-03,2024-03-26,2024-04-14,2024-10-02,,IN_PROGRESS,1879000.0,1879000.0,571216.0,29.5,30.4,26.807308,81.031801,Gram Navodaya Vidyalaya,Ward 11,Lucknow Block 4,Gram Panchayat Works Division,Registered Contractor V-175 Pvt Ltd,2026-07-28,False,False,False,True,True,OFFICIAL_ESAKSHI_DATA
MPLAD-KA-2024-0187,YADUVEER KRISHNADATTA CHAMARAJA WADIYAR,Karnataka,Mysuru,MYSORE,"Construction of 2 Additional Classrooms in Govt Upper Primary School, Primary Health Center",School Infrastructure & Classrooms,Standard infrastructure project under MPLADS guidelines for school infrastructure & classrooms to improve citizen access and public amenity.,2024-01-29,2024-03-01,2024-03-20,2024-09-25,,IN_PROGRESS,1957000.0,1957000.0,508820.0,31.5,26.0,12.299629,76.664802,Gram Gandhi Park,Ward 12,Mysuru Block 2,District Urban Development Agency (DUDA),Registered Contractor V-130 Pvt Ltd,2026-07-27,False,False,False,True,True,OFFICIAL_ESAKSHI_DATA
MPLAD-UT-2024-0188,Rajnath Singh,Uttar Pradesh,Lucknow,LUCKNOW,Development of Science Laboratory & Smart Classroom at Panchayat Bhavan,School Infrastructure & Classrooms,Standard infrastructure project under MPLADS guidelines for school infrastructure & classrooms to improve citizen access and public amenity.,2024-02-02,2024-03-03,2024-04-12,2024-10-06,2024-10-04,COMPLETED,1955000.0,1955000.0,1969914.37,100.0,100.0,26.854536,80.918533,Gram Primary Health Center,Ward 13,Lucknow Block 5,District Urban Development Agency (DUDA),Registered Contractor V-116 Pvt Ltd,2024-10-03,True,True,True,True,True,OFFICIAL_ESAKSHI_DATA
MPLAD-RA-2024-0189,Gajendra Singh Shekhawat,Rajasthan,Jodhpur,JODHPUR,Construction of Community Welfare Center at Hanuman Chowk,Community Hall & Cultural Centers,Standard infrastructure project under MPLADS guidelines for community hall & cultural centers to improve citizen access and public amenity.,2024-04-22,2024-06-09,2024-07-11,2025-01-12,,IN_PROGRESS,2453000.0,2453000.0,615703.0,30.7,25.1,26.191949,73.090339,Gram Navodaya Vidyalaya,Ward 25,Jodhpur Block 2,Public Works Department (PWD) Rural,Registered Contractor V-104 Pvt Ltd,2026-07-16,False,False,False,True,True,OFFICIAL_ESAKSHI_DATA
MPLAD-MA-2024-0190,MURLIDHAR MOHOL,Maharashtra,Pune,PUNE,"Construction of 2 Additional Classrooms in Govt Upper Primary School, Kisan Mandi",School Infrastructure & Classrooms,Standard infrastructure project under MPLADS guidelines for school infrastructure & classrooms to improve citizen access and public amenity.,2024-06-07,2024-08-03,2024-08-26,2025-03-21,,IN_PROGRESS,2023000.0,2023000.0,408646.0,26.3,20.2,18.523903,73.853542,Gram Main Chauraha,Ward 28,Pune Block 3,District Urban Development Agency (DUDA),Registered Contractor V-111 Pvt Ltd,2026-07-13,False,False,False,True,True,OFFICIAL_ESAKSHI_DATA
MPLAD-RA-2024-0191,MANJU SHARMA,Rajasthan,Jaipur,JAIPUR,Development of Science Laboratory & Smart Classroom at Primary Health Center,School Infrastructure & Classrooms,Standard infrastructure project under MPLADS guidelines for school infrastructure & classrooms to improve citizen access and public amenity.,2024-09-02,2024-10-28,2024-11-25,2025-06-08,,IN_PROGRESS,1719000.0,1719000.0,914508.0,54.8,53.2,27.001254,75.805638,Gram Govt Hospital,Ward 9,Jaipur Block 4,Gram Panchayat Works Division,Registered Contractor V-122 Pvt Ltd,2026-07-28,False,False,False,True,True,OFFICIAL_ESAKSHI_DATA
MPLAD-MA-2024-0192,MURLIDHAR MOHOL,Maharashtra,Pune,PUNE,Development of Community Sanitary Complex with Septic Facility,Public Sanitation & Drainage,Standard infrastructure project under MPLADS guidelines for public sanitation & drainage to improve citizen access and public amenity.,2024-03-12,2024-04-19,2024-05-19,2024-10-08,,IN_PROGRESS,605000.0,605000.0,333355.0,44.4,55.1,18.515731,73.894185,Gram Shastri Colony,Ward 26,Pune Block 5,Zila Parishad Engineering Wing,Registered Contractor V-179 Pvt Ltd,2026-06-06,False,False,False,True,True,OFFICIAL_ESAKSHI_DATA
MPLAD-RA-2024-0193,Gajendra Singh Shekhawat,Rajasthan,Jodhpur,JODHPUR,Construction of Community Welfare Center at Ambedkar Nagar,Community Hall & Cultural Centers,Standard infrastructure project under MPLADS guidelines for community hall & cultural centers to improve citizen access and public amenity.,2024-07-28,2024-09-17,2024-10-13,2025-05-07,,IN_PROGRESS,2334000.0,2334000.0,959274.0,44.3,41.1,26.268729,72.943074,Gram Main Chauraha,Ward 26,Jodhpur Block 3,Public Health Engineering Department (PHED),Registered Contractor V-170 Pvt Ltd,2026-08-10,False,False,False,True,True,OFFICIAL_ESAKSHI_DATA
MPLAD-RA-2024-0194,Gajendra Singh Shekhawat,Rajasthan,Jodhpur,JODHPUR,Installation of Decentralized Solid Waste Management Unit at Kisan Mandi,Public Sanitation & Drainage,Standard infrastructure project under MPLADS guidelines for public sanitation & drainage to improve citizen access and public amenity.,2024-03-09,2024-04-08,2024-04-26,2024-08-25,,IN_PROGRESS,586000.0,586000.0,266044.0,41.0,45.4,26.260885,73.068754,Gram Primary Health Center,Ward 30,Jodhpur Block 2,District Urban Development Agency (DUDA),Registered Contractor V-175 Pvt Ltd,2026-07-12,False,False,False,True,True,OFFICIAL_ESAKSHI_DATA
MPLAD-MA-2024-0195,MURLIDHAR MOHOL,Maharashtra,Pune,PUNE,Installation of Decentralized Solid Waste Management Unit at Navodaya Vidyalaya,Public Sanitation & Drainage,Standard infrastructure project under MPLADS guidelines for public sanitation & drainage to improve citizen access and public amenity.,2024-08-30,2024-10-26,2024-11-10,2025-05-09,,IN_PROGRESS,562000.0,562000.0,465336.0,81.9,82.8,18.467803,73.847574,Gram Gandhi Park,Ward 10,Pune Block 2,District Urban Development Agency (DUDA),Registered Contractor V-146 Pvt Ltd,2026-07-23,False,True,False,True,True,OFFICIAL_ESAKSHI_DATA
MPLAD-UT-2024-0196,Shri Narendra Modi,Uttar Pradesh,Varanasi,VARANASI,Upgradation and Tarring of Rural Link Road near Primary Health Center,Road Works,Standard infrastructure project under MPLADS guidelines for road works to improve citizen access and public amenity.,2024-06-12,2024-07-16,2024-07-31,2025-01-04,,IN_PROGRESS,1347000.0,1347000.0,626355.0,44.9,46.5,25.312384,82.973667,Gram Main Chauraha,Ward 26,Varanasi Block 3,Gram Panchayat Works Division,Registered Contractor V-130 Pvt Ltd,2026-07-16,False,False,False,True,True,OFFICIAL_ESAKSHI_DATA
MPLAD-RA-2024-0197,MANJU SHARMA,Rajasthan,Jaipur,JAIPUR,Sinking of Deep Borewell with Overhead Storage Tank near Govt Hospital,Drinking Water & Tube Wells,Standard infrastructure project under MPLADS guidelines for drinking water & tube wells to improve citizen access and public amenity.,2024-07-26,2024-08-22,2024-10-03,2025-03-09,,IN_PROGRESS,847000.0,847000.0,608146.0,58.8,71.8,26.940555,75.781798,Gram Panchayat Bhavan,Ward 24,Jaipur Block 4,Zila Parishad Engineering Wing,Registered Contractor V-119 Pvt Ltd,2026-06-05,False,False,False,True,True,OFFICIAL_ESAKSHI_DATA
MPLAD-UT-2024-0198,Rajnath Singh,Uttar Pradesh,Lucknow,LUCKNOW,Installation of Solar Dual Pump Tube Well at Panchayat Bhavan,Drinking Water & Tube Wells,Standard infrastructure project under MPLADS guidelines for drinking water & tube wells to improve citizen access and public amenity.,2024-07-29,2024-09-09,2024-10-01,2025-03-25,,IN_PROGRESS,797000.0,797000.0,261416.0,35.5,32.8,26.782128,80.910598,Gram Shivaji Nagar,Ward 19,Lucknow Block 4,Zila Parishad Engineering Wing,Registered Contractor V-179 Pvt Ltd,2026-07-19,False,False,False,True,True,OFFICIAL_ESAKSHI_DATA
MPLAD-RA-2024-0199,MANJU SHARMA,Rajasthan,Jaipur,JAIPUR,"Construction of Underground Drainage System at Panchayat Bhavan, Ward 21",Public Sanitation & Drainage,Standard infrastructure project under MPLADS guidelines for public sanitation & drainage to improve citizen access and public amenity.,2024-03-06,2024-05-05,2024-06-07,2024-09-18,,IN_PROGRESS,650000.0,650000.0,326300.0,34.2,50.2,26.884431,75.781541,Gram Navodaya Vidyalaya,Ward 23,Jaipur Block 6,District Urban Development Agency (DUDA),Registered Contractor V-179 Pvt Ltd,2026-06-15,False,False,False,False,True,OFFICIAL_ESAKSHI_DATA
MPLAD-KA-2024-0200,YADUVEER KRISHNADATTA CHAMARAJA WADIYAR,Karnataka,Mysuru,MYSORE,Development of Approach Road connecting Panchayat Bhavan Main Gate,Road Works,Standard infrastructure project under MPLADS guidelines for road works to improve citizen access and public amenity.,2024-03-13,2024-04-06,2024-05-02,2024-09-01,,IN_PROGRESS,1629000.0,1629000.0,1008351.0,68.2,61.9,12.301339,76.615685,Gram Railway Crossing,Ward 29,Mysuru Block 4,District Urban Development Agency (DUDA),Registered Contractor V-127 Pvt Ltd,2026-07-27,False,False,False,True,True,OFFICIAL_ESAKSHI_DATA
MPLAD-KA-2024-0201,YADUVEER KRISHNADATTA CHAMARAJA WADIYAR,Karnataka,Mysuru,MYSORE,"Construction of CC Road from Primary Health Center to Govt Hospital, Ward 2",Road Works,Standard infrastructure project under MPLADS guidelines for road works to improve citizen access and public amenity.,2024-06-24,2024-07-28,2024-08-17,2025-01-11,2025-01-14,COMPLETED,1578000.0,1578000.0,1529190.52,100.0,100.0,12.268411,76.663,Gram Hanuman Chowk,Ward 11,Mysuru Block 2,Public Health Engineering Department (PHED),Registered Contractor V-174 Pvt Ltd,2025-01-08,True,True,True,True,True,OFFICIAL_ESAKSHI_DATA
MPLAD-UT-2024-0202,Shri Narendra Modi,Uttar Pradesh,Varanasi,VARANASI,"Construction of CC Road from Panchayat Bhavan to Ram Mandir, Ward 28",Road Works,Standard infrastructure project under MPLADS guidelines for road works to improve citizen access and public amenity.,2024-04-05,2024-06-02,2024-07-06,2025-01-26,,IN_PROGRESS,1496000.0,1496000.0,495176.0,26.9,33.1,25.323026,82.972754,Gram Primary Health Center,Ward 7,Varanasi Block 2,Zila Parishad Engineering Wing,Registered Contractor V-112 Pvt Ltd,2026-08-05,False,False,False,True,True,OFFICIAL_ESAKSHI_DATA
MPLAD-UT-2024-0203,Rajnath Singh,Uttar Pradesh,Lucknow,LUCKNOW,Construction of B.R. Ambedkar Community Bhavan near Hanuman Chowk,Community Hall & Cultural Centers,Standard infrastructure project under MPLADS guidelines for community hall & cultural centers to improve citizen access and public amenity.,2024-02-03,2024-02-26,2024-03-24,2024-09-03,,IN_PROGRESS,2327000.0,2327000.0,1123941.0,54.5,48.3,26.82175,80.949925,Gram Bus Stand,Ward 4,Lucknow Block 1,District Urban Development Agency (DUDA),Registered Contractor V-131 Pvt Ltd,2026-08-10,False,False,False,True,True,OFFICIAL_ESAKSHI_DATA
MPLAD-MA-2024-0204,MURLIDHAR MOHOL,Maharashtra,Pune,PUNE,Erection of Senior Citizen Pavilion at Market Yard Panchayat,Community Hall & Cultural Centers,Standard infrastructure project under MPLADS guidelines for community hall & cultural centers to improve citizen access and public amenity.,2024-08-13,2024-09-09,2024-10-03,2025-04-11,,IN_PROGRESS,2714000.0,2714000.0,1536124.0,54.3,56.6,18.57304,73.763916,Gram Main Chauraha,Ward 13,Pune Block 3,Gram Panchayat Works Division,Registered Contractor V-161 Pvt Ltd,2026-08-08,False,False,False,True,True,OFFICIAL_ESAKSHI_DATA
MPLAD-MA-2024-0205,Nitin Jairam Gadkari,Maharashtra,Nagpur,NAGPUR,Construction of Cement Concrete Lane in Ward No. 7,Road Works,Standard infrastructure project under MPLADS guidelines for road works to improve citizen access and public amenity.,2024-05-08,2024-06-13,2024-07-05,2025-01-18,2025-01-12,COMPLETED,1534000.0,1534000.0,1589497.91,100.0,100.0,21.189413,79.015631,Gram Kisan Mandi,Ward 18,Nagpur Block 4,District Urban Development Agency (DUDA),Registered Contractor V-157 Pvt Ltd,2025-01-15,True,True,True,True,True,OFFICIAL_ESAKSHI_DATA
MPLAD-MA-2024-0206,MURLIDHAR MOHOL,Maharashtra,Pune,PUNE,"Construction of 2 Additional Classrooms in Govt Upper Primary School, Main Chauraha",School Infrastructure & Classrooms,Standard infrastructure project under MPLADS guidelines for school infrastructure & classrooms to improve citizen access and public amenity.,2024-05-26,2024-07-15,2024-08-17,2025-03-07,2025-02-25,COMPLETED,1967000.0,1967000.0,1921905.48,100.0,100.0,18.5074,73.851454,Gram Gandhi Park,Ward 19,Pune Block 5,Zila Parishad Engineering Wing,Registered Contractor V-154 Pvt Ltd,2025-02-24,True,True,True,True,True,OFFICIAL_ESAKSHI_DATA
MPLAD-MA-2024-0207,MURLIDHAR MOHOL,Maharashtra,Pune,PUNE,"Modernization of School Boundary Wall and Playground, Ward 10",School Infrastructure & Classrooms,Standard infrastructure project under MPLADS guidelines for school infrastructure & classrooms to improve citizen access and public amenity.,2024-03-04,2024-04-05,2024-04-24,2024-07-28,,IN_PROGRESS,2058000.0,2058000.0,1716372.0,84.3,83.4,18.48153,73.918029,Gram Primary Health Center,Ward 30,Pune Block 6,Public Works Department (PWD) Rural,Registered Contractor V-122 Pvt Ltd,2026-07-15,False,True,False,True,True,OFFICIAL_ESAKSHI_DATA
MPLAD-RA-2024-0208,MANJU SHARMA,Rajasthan,Jaipur,JAIPUR,"Construction of 2 Additional Classrooms in Govt Upper Primary School, Kisan Mandi",School Infrastructure & Classrooms,Standard infrastructure project under MPLADS guidelines for school infrastructure & classrooms to improve citizen access and public amenity.,2024-05-30,2024-07-09,2024-08-20,2024-12-23,,IN_PROGRESS,1599000.0,1599000.0,1170468.0,80.0,73.2,26.956904,75.812559,Gram Market Yard,Ward 5,Jaipur Block 2,Zila Parishad Engineering Wing,Registered Contractor V-151 Pvt Ltd,2026-07-19,False,False,False,True,True,OFFICIAL_ESAKSHI_DATA
MPLAD-RA-2024-0209,MANJU SHARMA,Rajasthan,Jaipur,JAIPUR,Development of Community Sanitary Complex with Septic Facility,Public Sanitation & Drainage,Standard infrastructure project under MPLADS guidelines for public sanitation & drainage to improve citizen access and public amenity.,2024-08-19,2024-10-12,2024-11-24,2025-04-07,,IN_PROGRESS,555000.0,555000.0,294705.0,37.9,53.1,26.894042,75.804428,Gram Ambedkar Nagar,Ward 20,Jaipur Block 6,Gram Panchayat Works Division,Registered Contractor V-137 Pvt Ltd,2026-05-31,False,False,False,True,True,OFFICIAL_ESAKSHI_DATA
MPLAD-UT-2024-0210,Shri Narendra Modi,Uttar Pradesh,Varanasi,VARANASI,"Construction of 2 Additional Classrooms in Govt Upper Primary School, Navodaya Vidyalaya",School Infrastructure & Classrooms,Standard infrastructure project under MPLADS guidelines for school infrastructure & classrooms to improve citizen access and public amenity.,2024-01-22,2024-03-12,2024-04-25,2024-08-27,,IN_PROGRESS,1767000.0,1767000.0,832257.0,30.6,47.1,25.342555,82.965489,Gram Navodaya Vidyalaya,Ward 8,Varanasi Block 2,District Urban Development Agency (DUDA),Registered Contractor V-131 Pvt Ltd,2026-06-11,False,False,False,False,True,OFFICIAL_ESAKSHI_DATA
MPLAD-KA-2024-0211,YADUVEER KRISHNADATTA CHAMARAJA WADIYAR,Karnataka,Mysuru,MYSORE,Construction of Community Welfare Center at Navodaya Vidyalaya,Community Hall & Cultural Centers,Standard infrastructure project under MPLADS guidelines for community hall & cultural centers to improve citizen access and public amenity.,2024-06-12,2024-07-07,2024-07-28,2024-12-21,2025-01-06,COMPLETED,2296000.0,2296000.0,2334592.35,100.0,100.0,12.320684,76.654949,Gram Gandhi Park,Ward 26,Mysuru Block 2,District Urban Development Agency (DUDA),Registered Contractor V-154 Pvt Ltd,2024-12-06,True,True,True,True,True,OFFICIAL_ESAKSHI_DATA
MPLAD-RA-2024-0212,Gajendra Singh Shekhawat,Rajasthan,Jodhpur,JODHPUR,Installation of Decentralized Solid Waste Management Unit at Bus Stand,Public Sanitation & Drainage,Standard infrastructure project under MPLADS guidelines for public sanitation & drainage to improve citizen access and public amenity.,2024-07-27,2024-09-18,2024-10-31,2025-04-11,2025-04-08,COMPLETED,577000.0,577000.0,599868.58,100.0,100.0,26.279477,73.001297,Gram Ram Mandir,Ward 30,Jodhpur Block 3,Public Health Engineering Department (PHED),Registered Contractor V-118 Pvt Ltd,2025-04-03,True,True,True,True,True,OFFICIAL_ESAKSHI_DATA
MPLAD-MA-2024-0213,Nitin Jairam Gadkari,Maharashtra,Nagpur,NAGPUR,Erection of Senior Citizen Pavilion at Navodaya Vidyalaya Panchayat,Community Hall & Cultural Centers,Standard infrastructure project under MPLADS guidelines for community hall & cultural centers to improve citizen access and public amenity.,2024-04-20,2024-06-19,2024-08-02,2024-11-15,,IN_PROGRESS,2666000.0,2666000.0,1047738.0,39.5,39.3,21.157215,79.044411,Gram Primary Health Center,Ward 6,Nagpur Block 3,Public Health Engineering Department (PHED),Registered Contractor V-165 Pvt Ltd,2026-07-27,False,False,False,True,True,OFFICIAL_ESAKSHI_DATA
MPLAD-RA-2024-0214,Gajendra Singh Shekhawat,Rajasthan,Jodhpur,JODHPUR,"Construction of CC Road from Ram Mandir to Navodaya Vidyalaya, Ward 33",Road Works,Standard infrastructure project under MPLADS guidelines for road works to improve citizen access and public amenity.,2024-02-20,2024-04-16,2024-05-25,2024-09-19,,IN_PROGRESS,1801000.0,1801000.0,1167048.0,49.4,64.8,26.232428,73.006005,Gram Railway Crossing,Ward 30,Jodhpur Block 2,Public Health Engineering Department (PHED),Registered Contractor V-107 Pvt Ltd,2026-06-13,False,False,False,False,True,OFFICIAL_ESAKSHI_DATA
MPLAD-MA-2024-0215,MURLIDHAR MOHOL,Maharashtra,Pune,PUNE,Construction of Community RO Water Filtration Plant at Govt Hospital,Drinking Water & Tube Wells,Standard infrastructure project under MPLADS guidelines for drinking water & tube wells to improve citizen access and public amenity.,2024-08-03,2024-09-11,2024-10-18,2025-04-16,,IN_PROGRESS,610000.0,610000.0,297070.0,50.4,48.7,18.495748,73.807404,Gram Govt Hospital,Ward 22,Pune Block 5,District Urban Development Agency (DUDA),Registered Contractor V-178 Pvt Ltd,2026-07-30,False,False,False,True,True,OFFICIAL_ESAKSHI_DATA
MPLAD-UP-2024-0216,Shri Narendra Modi,Uttar Pradesh,Varanasi,VARANASI,Installation of Solar Dual Pump Tube Well at Chitaipur Chowk,Drinking Water & Tube Wells,Standard infrastructure project under MPLADS guidelines for road works to improve citizen access and public amenity.,2024-06-01,2024-07-29,2024-09-01,2024-06-30,2025-01-20,STALLED,950000.0,1937000.0,855000.0,28.0,90.0,25.33881,82.929085,Gram Navodaya Vidyalaya,Ward 9,Varanasi Block 3,Zila Parishad Engineering Wing,Registered Contractor V-148 Pvt Ltd,2024-05-15,True,True,True,False,True,OFFICIAL_ESAKSHI_DATA
MPLAD-KA-2024-0217,DR C N MANJUNATH,Karnataka,Bengaluru Rural,BANGALORE RURAL,Construction of Community RO Water Filtration Plant at Shivaji Nagar,Drinking Water & Tube Wells,Standard infrastructure project under MPLADS guidelines for drinking water & tube wells to improve citizen access and public amenity.,2024-08-27,2024-09-19,2024-10-29,2025-05-16,,IN_PROGRESS,837000.0,837000.0,528984.0,61.0,63.2,13.162629,77.555928,Gram Govt Hospital,Ward 9,Bengaluru Rural Block 4,Zila Parishad Engineering Wing,Registered Contractor V-131 Pvt Ltd,2026-07-20,False,False,False,True,True,OFFICIAL_ESAKSHI_DATA
MPLAD-UT-2024-0218,Rajnath Singh,Uttar Pradesh,Lucknow,LUCKNOW,Upgradation and Tarring of Rural Link Road near Gandhi Park,Road Works,Standard infrastructure project under MPLADS guidelines for road works to improve citizen access and public amenity.,2024-08-05,2024-09-06,2024-10-01,2025-04-01,,IN_PROGRESS,1858000.0,1858000.0,1265298.0,66.2,68.1,26.845616,80.93445,Gram Navodaya Vidyalaya,Ward 22,Lucknow Block 5,Zila Parishad Engineering Wing,Registered Contractor V-174 Pvt Ltd,2026-07-26,False,False,False,True,True,OFFICIAL_ESAKSHI_DATA
MPLAD-MA-2024-0219,Nitin Jairam Gadkari,Maharashtra,Nagpur,NAGPUR,Upgradation and Tarring of Rural Link Road near Shastri Colony,Road Works,Standard infrastructure project under MPLADS guidelines for road works to improve citizen access and public amenity.,2024-07-17,2024-08-22,2024-09-29,2025-04-10,,IN_PROGRESS,1480000.0,1480000.0,1274280.0,79.8,86.1,21.221233,79.111729,Gram Primary Health Center,Ward 8,Nagpur Block 6,Public Health Engineering Department (PHED),Registered Contractor V-117 Pvt Ltd,2026-07-13,False,True,False,True,True,OFFICIAL_ESAKSHI_DATA
MPLAD-KA-2024-0220,YADUVEER KRISHNADATTA CHAMARAJA WADIYAR,Karnataka,Mysuru,MYSORE,"Development of Multipurpose Cultural Hall, Ward 5",Community Hall & Cultural Centers,Standard infrastructure project under MPLADS guidelines for community hall & cultural centers to improve citizen access and public amenity.,2024-06-07,2024-07-15,2024-08-13,2025-02-27,2025-03-24,COMPLETED,2429000.0,2429000.0,2373693.45,100.0,100.0,12.281165,76.594304,Gram Gandhi Park,Ward 4,Mysuru Block 6,District Urban Development Agency (DUDA),Registered Contractor V-134 Pvt Ltd,2025-02-24,True,True,True,True,True,OFFICIAL_ESAKSHI_DATA
MPLAD-UT-2024-0221,Rajnath Singh,Uttar Pradesh,Lucknow,LUCKNOW,"Construction of Separate Girls Sanitation Facility at Govt High School, Kisan Mandi",School Infrastructure & Classrooms,Standard infrastructure project under MPLADS guidelines for school infrastructure & classrooms to improve citizen access and public amenity.,2024-02-14,2024-03-17,2024-04-11,2024-08-31,,IN_PROGRESS,1941000.0,1941000.0,1449927.0,56.8,74.7,26.853555,80.911957,Gram Primary Health Center,Ward 21,Lucknow Block 2,Gram Panchayat Works Division,Registered Contractor V-120 Pvt Ltd,2026-06-21,False,False,False,False,True,OFFICIAL_ESAKSHI_DATA
MPLAD-KA-2024-0222,DR C N MANJUNATH,Karnataka,Bengaluru Rural,BANGALORE RURAL,Development of Approach Road connecting Shastri Colony Main Gate,Road Works,Standard infrastructure project under MPLADS guidelines for road works to improve citizen access and public amenity.,2024-03-03,2024-04-02,2024-05-05,2024-11-08,2024-11-01,COMPLETED,1691000.0,1691000.0,1641355.84,100.0,100.0,13.16441,77.61102,Gram Market Yard,Ward 16,Bengaluru Rural Block 4,Public Health Engineering Department (PHED),Registered Contractor V-136 Pvt Ltd,2024-11-04,True,True,True,True,True,OFFICIAL_ESAKSHI_DATA
MPLAD-RA-2024-0223,MANJU SHARMA,Rajasthan,Jaipur,JAIPUR,Covered Drain Construction from Main Chowk to Bus Stand,Public Sanitation & Drainage,Standard infrastructure project under MPLADS guidelines for public sanitation & drainage to improve citizen access and public amenity.,2024-01-13,2024-02-22,2024-04-01,2024-10-14,,IN_PROGRESS,572000.0,572000.0,109824.0,26.1,19.2,26.969119,75.842267,Gram Govt Hospital,Ward 5,Jaipur Block 1,Public Works Department (PWD) Rural,Registered Contractor V-148 Pvt Ltd,2026-07-18,False,False,False,True,True,OFFICIAL_ESAKSHI_DATA
MPLAD-UT-2024-0224,Rajnath Singh,Uttar Pradesh,Lucknow,LUCKNOW,Construction of Community RO Water Filtration Plant at Primary Health Center,Drinking Water & Tube Wells,Standard infrastructure project under MPLADS guidelines for drinking water & tube wells to improve citizen access and public amenity.,2024-03-26,2024-05-03,2024-06-01,2024-12-01,,IN_PROGRESS,823000.0,823000.0,456765.0,56.4,55.5,26.86456,80.940666,Gram Primary Health Center,Ward 25,Lucknow Block 2,Gram Panchayat Works Division,Registered Contractor V-106 Pvt Ltd,2026-07-20,False,False,False,True,True,OFFICIAL_ESAKSHI_DATA
MPLAD-MA-2024-0225,Nitin Jairam Gadkari,Maharashtra,Nagpur,NAGPUR,"Construction of CC Road from Primary Health Center to Shivaji Nagar, Ward 8",Road Works,Standard infrastructure project under MPLADS guidelines for road works to improve citizen access and public amenity.,2024-07-14,2024-08-11,2024-09-01,2025-03-03,2025-02-26,COMPLETED,1533000.0,1533000.0,1548813.22,100.0,100.0,21.159226,79.00526,Gram Market Yard,Ward 29,Nagpur Block 6,Public Works Department (PWD) Rural,Registered Contractor V-129 Pvt Ltd,2025-02-13,True,True,True,True,True,OFFICIAL_ESAKSHI_DATA
MPLAD-KA-2024-0226,DR C N MANJUNATH,Karnataka,Bengaluru Rural,BANGALORE RURAL,Installation of Decentralized Solid Waste Management Unit at Gandhi Park,Public Sanitation & Drainage,Standard infrastructure project under MPLADS guidelines for public sanitation & drainage to improve citizen access and public amenity.,2024-06-25,2024-07-16,2024-08-01,2025-01-26,2025-02-04,COMPLETED,540000.0,540000.0,528589.46,100.0,100.0,13.23095,77.553597,Gram Shivaji Nagar,Ward 5,Bengaluru Rural Block 2,Gram Panchayat Works Division,Registered Contractor V-114 Pvt Ltd,2025-01-10,True,True,True,True,True,OFFICIAL_ESAKSHI_DATA
MPLAD-RA-2024-0227,Gajendra Singh Shekhawat,Rajasthan,Jodhpur,JODHPUR,"Construction of 2 Additional Classrooms in Govt Upper Primary School, Govt Hospital",School Infrastructure & Classrooms,Standard infrastructure project under MPLADS guidelines for school infrastructure & classrooms to improve citizen access and public amenity.,2024-03-19,2024-05-17,2024-06-20,2024-12-16,2025-01-02,COMPLETED,1977000.0,1977000.0,1972265.16,100.0,100.0,26.285846,72.993368,Gram Railway Crossing,Ward 7,Jodhpur Block 5,Gram Panchayat Works Division,Registered Contractor V-167 Pvt Ltd,2024-12-11,True,True,True,True,True,OFFICIAL_ESAKSHI_DATA
MPLAD-MA-2024-0228,Nitin Jairam Gadkari,Maharashtra,Nagpur,NAGPUR,"Construction of Underground Drainage System at Primary Health Center, Ward 31",Public Sanitation & Drainage,Standard infrastructure project under MPLADS guidelines for public sanitation & drainage to improve citizen access and public amenity.,2024-07-08,2024-08-23,2024-09-16,2025-01-04,2025-01-02,COMPLETED,664000.0,664000.0,679442.79,100.0,100.0,21.084425,79.105466,Gram Ram Mandir,Ward 22,Nagpur Block 1,Public Works Department (PWD) Rural,Registered Contractor V-146 Pvt Ltd,2024-12-18,True,True,True,True,True,OFFICIAL_ESAKSHI_DATA
MPLAD-RA-2024-0229,Gajendra Singh Shekhawat,Rajasthan,Jodhpur,JODHPUR,Sinking of Deep Borewell with Overhead Storage Tank near Ram Mandir,Drinking Water & Tube Wells,Standard infrastructure project under MPLADS guidelines for drinking water & tube wells to improve citizen access and public amenity.,2024-01-29,2024-02-24,2024-04-07,2024-08-07,,IN_PROGRESS,750000.0,750000.0,443250.0,52.4,59.1,26.260165,72.971129,Gram Navodaya Vidyalaya,Ward 2,Jodhpur Block 3,Gram Panchayat Works Division,Registered Contractor V-166 Pvt Ltd,2026-08-02,False,False,False,True,True,OFFICIAL_ESAKSHI_DATA
MPLAD-KA-2024-0230,YADUVEER KRISHNADATTA CHAMARAJA WADIYAR,Karnataka,Mysuru,MYSORE,"Modernization of School Boundary Wall and Playground, Ward 23",School Infrastructure & Classrooms,Standard infrastructure project under MPLADS guidelines for school infrastructure & classrooms to improve citizen access and public amenity.,2024-08-14,2024-09-05,2024-09-20,2025-04-07,2025-04-13,COMPLETED,2069000.0,2069000.0,2125051.73,100.0,100.0,12.272743,76.580265,Gram Main Chauraha,Ward 24,Mysuru Block 1,Gram Panchayat Works Division,Registered Contractor V-113 Pvt Ltd,2025-03-31,True,True,True,True,True,OFFICIAL_ESAKSHI_DATA
MPLAD-KA-2024-0231,YADUVEER KRISHNADATTA CHAMARAJA WADIYAR,Karnataka,Mysuru,MYSORE,Installation of Solar Dual Pump Tube Well at Hanuman Chowk,Drinking Water & Tube Wells,Standard infrastructure project under MPLADS guidelines for drinking water & tube wells to improve citizen access and public amenity.,2024-04-21,2024-06-09,2024-07-02,2025-01-14,,IN_PROGRESS,694000.0,694000.0,556588.0,76.0,80.2,12.294575,76.701378,Gram Navodaya Vidyalaya,Ward 6,Mysuru Block 1,Gram Panchayat Works Division,Registered Contractor V-152 Pvt Ltd,2026-07-21,False,True,False,True,True,OFFICIAL_ESAKSHI_DATA
MPLAD-UT-2024-0232,Rajnath Singh,Uttar Pradesh,Lucknow,LUCKNOW,Installation of Decentralized Solid Waste Management Unit at Railway Crossing,Public Sanitation & Drainage,Standard infrastructure project under MPLADS guidelines for public sanitation & drainage to improve citizen access and public amenity.,2024-06-14,2024-07-28,2024-09-05,2025-01-18,,IN_PROGRESS,606000.0,606000.0,497526.0,76.8,82.1,26.910136,80.970971,Gram Hanuman Chowk,Ward 29,Lucknow Block 4,Public Health Engineering Department (PHED),Registered Contractor V-124 Pvt Ltd,2026-07-18,False,True,False,True,True,OFFICIAL_ESAKSHI_DATA
MPLAD-UT-2024-0233,Shri Narendra Modi,Uttar Pradesh,Varanasi,VARANASI,Laying of Interlocking Tile Road at Gandhi Park Sector 22,Road Works,Standard infrastructure project under MPLADS guidelines for road works to improve citizen access and public amenity.,2024-01-13,2024-03-06,2024-04-14,2024-10-16,,IN_PROGRESS,1719000.0,1719000.0,1127664.0,58.9,65.6,25.339734,83.007939,Gram Hanuman Chowk,Ward 14,Varanasi Block 6,District Urban Development Agency (DUDA),Registered Contractor V-141 Pvt Ltd,2026-07-20,False,False,False,True,True,OFFICIAL_ESAKSHI_DATA
MPLAD-MA-2024-0234,Nitin Jairam Gadkari,Maharashtra,Nagpur,NAGPUR,"Development of Multipurpose Cultural Hall, Ward 31",Community Hall & Cultural Centers,Standard infrastructure project under MPLADS guidelines for community hall & cultural centers to improve citizen access and public amenity.,2024-08-11,2024-10-05,2024-11-17,2025-05-04,2025-05-21,COMPLETED,2329000.0,2329000.0,2426192.33,100.0,100.0,21.090842,79.06275,Gram Hanuman Chowk,Ward 25,Nagpur Block 4,Public Health Engineering Department (PHED),Registered Contractor V-120 Pvt Ltd,2025-04-27,True,True,True,True,True,OFFICIAL_ESAKSHI_DATA
MPLAD-KA-2024-0235,DR C N MANJUNATH,Karnataka,Bengaluru Rural,BANGALORE RURAL,Construction of B.R. Ambedkar Community Bhavan near Hanuman Chowk,Community Hall & Cultural Centers,Standard infrastructure project under MPLADS guidelines for community hall & cultural centers to improve citizen access and public amenity.,2024-05-18,2024-06-21,2024-07-23,2025-01-11,,IN_PROGRESS,2707000.0,2707000.0,1843467.0,74.0,68.1,13.177823,77.567081,Gram Railway Crossing,Ward 11,Bengaluru Rural Block 1,District Urban Development Agency (DUDA),Registered Contractor V-107 Pvt Ltd,2026-07-27,False,False,False,True,True,OFFICIAL_ESAKSHI_DATA
MPLAD-UT-2024-0236,Shri Narendra Modi,Uttar Pradesh,Varanasi,VARANASI,Laying of Interlocking Tile Road at Main Chauraha Sector 20,Road Works,Standard infrastructure project under MPLADS guidelines for road works to improve citizen access and public amenity.,2024-01-19,2024-03-14,2024-04-15,2024-07-14,,IN_PROGRESS,1719000.0,1719000.0,1358010.0,72.5,79.0,25.321786,83.002484,Gram Bus Stand,Ward 21,Varanasi Block 6,Public Health Engineering Department (PHED),Registered Contractor V-153 Pvt Ltd,2026-07-21,False,True,False,True,True,OFFICIAL_ESAKSHI_DATA
MPLAD-UT-2024-0237,Rajnath Singh,Uttar Pradesh,Lucknow,LUCKNOW,"Development of Multipurpose Cultural Hall, Ward 29",Community Hall & Cultural Centers,Standard infrastructure project under MPLADS guidelines for community hall & cultural centers to improve citizen access and public amenity.,2024-08-13,2024-10-01,2024-10-26,2025-04-05,,IN_PROGRESS,2269000.0,2269000.0,1452160.0,61.0,64.0,26.891719,80.983377,Gram Ram Mandir,Ward 11,Lucknow Block 3,Gram Panchayat Works Division,Registered Contractor V-129 Pvt Ltd,2026-07-30,False,False,False,True,True,OFFICIAL_ESAKSHI_DATA
MPLAD-KA-2024-0238,YADUVEER KRISHNADATTA CHAMARAJA WADIYAR,Karnataka,Mysuru,MYSORE,Development of Approach Road connecting Hanuman Chowk Main Gate,Road Works,Standard infrastructure project under MPLADS guidelines for road works to improve citizen access and public amenity.,2024-05-15,2024-06-12,2024-07-23,2025-01-20,,IN_PROGRESS,1589000.0,1589000.0,734118.0,49.6,46.2,12.317953,76.585971,Gram Bus Stand,Ward 15,Mysuru Block 2,Gram Panchayat Works Division,Registered Contractor V-122 Pvt Ltd,2026-08-04,False,False,False,True,True,OFFICIAL_ESAKSHI_DATA
MPLAD-KA-2024-0239,DR C N MANJUNATH,Karnataka,Bengaluru Rural,BANGALORE RURAL,"Construction of Separate Girls Sanitation Facility at Govt High School, Shivaji Nagar",School Infrastructure & Classrooms,Standard infrastructure project under MPLADS guidelines for school infrastructure & classrooms to improve citizen access and public amenity.,2024-02-10,2024-03-29,2024-04-27,2024-10-18,,IN_PROGRESS,1949000.0,1949000.0,1204482.0,55.3,61.8,13.252647,77.579685,Gram Navodaya Vidyalaya,Ward 19,Bengaluru Rural Block 4,Gram Panchayat Works Division,Registered Contractor V-176 Pvt Ltd,2026-08-10,False,False,False,True,True,OFFICIAL_ESAKSHI_DATA
MPLAD-MA-2024-0240,MURLIDHAR MOHOL,Maharashtra,Pune,PUNE,"Augmentation of Village Piped Drinking Water Scheme, Ward 16",Drinking Water & Tube Wells,Standard infrastructure project under MPLADS guidelines for drinking water & tube wells to improve citizen access and public amenity.,2024-06-26,2024-08-23,2024-09-26,2025-04-16,2025-04-27,COMPLETED,743000.0,743000.0,768600.02,100.0,100.0,18.512935,73.896217,Gram Govt Hospital,Ward 15,Pune Block 2,Gram Panchayat Works Division,Registered Contractor V-150 Pvt Ltd,2025-04-02,True,True,True,True,True,OFFICIAL_ESAKSHI_DATA
MPLAD-MA-2024-0241,Nitin Jairam Gadkari,Maharashtra,Nagpur,NAGPUR,Covered Drain Construction from Main Chowk to Ambedkar Nagar,Public Sanitation & Drainage,Standard infrastructure project under MPLADS guidelines for public sanitation & drainage to improve citizen access and public amenity.,2024-08-12,2024-10-06,2024-11-17,2025-03-27,,IN_PROGRESS,657000.0,657000.0,545310.0,81.1,83.0,21.17864,79.070138,Gram Shastri Colony,Ward 12,Nagpur Block 6,Zila Parishad Engineering Wing,Registered Contractor V-139 Pvt Ltd,2026-08-04,False,True,False,True,True,OFFICIAL_ESAKSHI_DATA
MPLAD-MA-2024-0242,MURLIDHAR MOHOL,Maharashtra,Pune,PUNE,Covered Drain Construction from Main Chowk to Shastri Colony,Public Sanitation & Drainage,Standard infrastructure project under MPLADS guidelines for public sanitation & drainage to improve citizen access and public amenity.,2024-07-09,2024-08-05,2024-09-13,2025-01-26,,IN_PROGRESS,626000.0,626000.0,414412.0,60.0,66.2,18.50422,73.841493,Gram Main Chauraha,Ward 28,Pune Block 4,Zila Parishad Engineering Wing,Registered Contractor V-142 Pvt Ltd,2026-07-19,False,False,False,True,True,OFFICIAL_ESAKSHI_DATA
MPLAD-RA-2024-0243,MANJU SHARMA,Rajasthan,Jaipur,JAIPUR,Construction of Cement Concrete Lane in Ward No. 10,Road Works,Standard infrastructure project under MPLADS guidelines for road works to improve citizen access and public amenity.,2024-01-23,2024-02-15,2024-03-07,2024-07-09,,IN_PROGRESS,1841000.0,1841000.0,583597.0,34.7,31.7,26.920175,75.770544,Gram Bus Stand,Ward 25,Jaipur Block 5,Public Health Engineering Department (PHED),Registered Contractor V-119 Pvt Ltd,2026-08-02,False,False,False,True,True,OFFICIAL_ESAKSHI_DATA
MPLAD-RA-2024-0244,Gajendra Singh Shekhawat,Rajasthan,Jodhpur,JODHPUR,"Construction of 2 Additional Classrooms in Govt Upper Primary School, Shivaji Nagar",School Infrastructure & Classrooms,Standard infrastructure project under MPLADS guidelines for school infrastructure & classrooms to improve citizen access and public amenity.,2024-08-19,2024-10-13,2024-11-24,2025-03-22,,IN_PROGRESS,1752000.0,1752000.0,963600.0,58.7,55.0,26.207589,73.017759,Gram Main Chauraha,Ward 13,Jodhpur Block 4,Gram Panchayat Works Division,Registered Contractor V-179 Pvt Ltd,2026-07-16,False,False,False,True,True,OFFICIAL_ESAKSHI_DATA
MPLAD-UT-2024-0245,Rajnath Singh,Uttar Pradesh,Lucknow,LUCKNOW,Development of Community Sanitary Complex with Septic Facility,Public Sanitation & Drainage,Standard infrastructure project under MPLADS guidelines for public sanitation & drainage to improve citizen access and public amenity.,2024-07-18,2024-08-23,2024-09-13,2025-03-01,,IN_PROGRESS,730000.0,730000.0,505890.0,55.8,69.3,26.897344,80.953079,Gram Kisan Mandi,Ward 24,Lucknow Block 2,Gram Panchayat Works Division,Registered Contractor V-102 Pvt Ltd,2026-06-16,False,False,False,False,True,OFFICIAL_ESAKSHI_DATA
MPLAD-KA-2024-0246,YADUVEER KRISHNADATTA CHAMARAJA WADIYAR,Karnataka,Mysuru,MYSORE,"Augmentation of Village Piped Drinking Water Scheme, Ward 17",Drinking Water & Tube Wells,Standard infrastructure project under MPLADS guidelines for drinking water & tube wells to improve citizen access and public amenity.,2024-02-23,2024-04-15,2024-05-03,2024-09-18,2024-10-08,COMPLETED,830000.0,830000.0,807835.64,100.0,100.0,12.243805,76.648747,Gram Ram Mandir,Ward 11,Mysuru Block 4,Gram Panchayat Works Division,Registered Contractor V-124 Pvt Ltd,2024-09-08,True,True,True,True,True,OFFICIAL_ESAKSHI_DATA
MPLAD-MA-2024-0247,MURLIDHAR MOHOL,Maharashtra,Pune,PUNE,"Augmentation of Village Piped Drinking Water Scheme, Ward 5",Drinking Water & Tube Wells,Standard infrastructure project under MPLADS guidelines for drinking water & tube wells to improve citizen access and public amenity.,2024-01-23,2024-03-23,2024-04-26,2024-11-09,,IN_PROGRESS,860000.0,860000.0,476440.0,54.4,55.4,18.545369,73.858346,Gram Gandhi Park,Ward 8,Pune Block 2,District Urban Development Agency (DUDA),Registered Contractor V-177 Pvt Ltd,2026-07-30,False,False,False,True,True,OFFICIAL_ESAKSHI_DATA
MPLAD-RA-2024-0248,MANJU SHARMA,Rajasthan,Jaipur,JAIPUR,"Construction of 2 Additional Classrooms in Govt Upper Primary School, Railway Crossing",School Infrastructure & Classrooms,Standard infrastructure project under MPLADS guidelines for school infrastructure & classrooms to improve citizen access and public amenity.,2024-04-22,2024-05-17,2024-06-12,2024-10-08,,IN_PROGRESS,1298000.0,1298000.0,811250.0,49.9,62.5,26.88848,75.769455,Gram Hanuman Chowk,Ward 22,Jaipur Block 3,Zila Parishad Engineering Wing,Registered Contractor V-169 Pvt Ltd,2026-06-12,False,False,False,True,True,OFFICIAL_ESAKSHI_DATA
MPLAD-UT-2024-0249,Shri Narendra Modi,Uttar Pradesh,Varanasi,VARANASI,Covered Drain Construction from Main Chowk to Ram Mandir,Public Sanitation & Drainage,Standard infrastructure project under MPLADS guidelines for public sanitation & drainage to improve citizen access and public amenity.,2024-01-20,2024-02-29,2024-03-27,2024-10-20,,IN_PROGRESS,519000.0,519000.0,147396.0,31.8,28.4,25.349794,82.984885,Gram Gandhi Park,Ward 26,Varanasi Block 5,Zila Parishad Engineering Wing,Registered Contractor V-132 Pvt Ltd,2026-07-18,False,False,False,True,True,OFFICIAL_ESAKSHI_DATA
MPLAD-UT-2024-0250,Rajnath Singh,Uttar Pradesh,Lucknow,LUCKNOW,Upgradation and Tarring of Rural Link Road near Shastri Colony,Road Works,Standard infrastructure project under MPLADS guidelines for road works to improve citizen access and public amenity.,2024-04-01,2024-05-23,2024-06-09,2024-09-19,2024-10-08,COMPLETED,1752000.0,1752000.0,1683755.06,100.0,100.0,26.785149,80.915658,Gram Shastri Colony,Ward 21,Lucknow Block 2,District Urban Development Agency (DUDA),Registered Contractor V-125 Pvt Ltd,2024-08-31,True,True,True,True,True,OFFICIAL_ESAKSHI_DATA
MPLAD-UT-2024-0251,Shri Narendra Modi,Uttar Pradesh,Varanasi,VARANASI,Installation of Solar Dual Pump Tube Well at Ram Mandir,Drinking Water & Tube Wells,Standard infrastructure project under MPLADS guidelines for drinking water & tube wells to improve citizen access and public amenity.,2024-06-23,2024-07-17,2024-08-24,2025-02-17,2025-03-19,COMPLETED,660000.0,660000.0,629778.15,100.0,100.0,25.270544,82.941747,Gram Ram Mandir,Ward 6,Varanasi Block 3,Zila Parishad Engineering Wing,Registered Contractor V-156 Pvt Ltd,2025-02-01,True,True,True,True,True,OFFICIAL_ESAKSHI_DATA
MPLAD-RA-2024-0252,MANJU SHARMA,Rajasthan,Jaipur,JAIPUR,Construction of Community Welfare Center at Gandhi Park,Community Hall & Cultural Centers,Standard infrastructure project under MPLADS guidelines for community hall & cultural centers to improve citizen access and public amenity.,2024-05-04,2024-07-03,2024-07-30,2024-12-22,2025-01-19,COMPLETED,2052000.0,2052000.0,2088863.62,100.0,100.0,26.885527,75.719621,Gram Kisan Mandi,Ward 24,Jaipur Block 5,Public Health Engineering Department (PHED),Registered Contractor V-150 Pvt Ltd,2024-12-08,True,True,True,True,True,OFFICIAL_ESAKSHI_DATA
MPLAD-RA-2024-0253,MANJU SHARMA,Rajasthan,Jaipur,JAIPUR,Construction of Community Welfare Center at Navodaya Vidyalaya,Community Hall & Cultural Centers,Standard infrastructure project under MPLADS guidelines for community hall & cultural centers to improve citizen access and public amenity.,2024-03-24,2024-05-02,2024-06-05,2024-09-14,2024-09-23,COMPLETED,2386000.0,2386000.0,2413059.96,100.0,100.0,26.946851,75.77981,Gram Railway Crossing,Ward 6,Jaipur Block 5,Zila Parishad Engineering Wing,Registered Contractor V-114 Pvt Ltd,2024-08-29,True,True,True,True,True,OFFICIAL_ESAKSHI_DATA
MPLAD-MA-2024-0254,MURLIDHAR MOHOL,Maharashtra,Pune,PUNE,"Construction of 2 Additional Classrooms in Govt Upper Primary School, Hanuman Chowk",School Infrastructure & Classrooms,Standard infrastructure project under MPLADS guidelines for school infrastructure & classrooms to improve citizen access and public amenity.,2024-06-20,2024-07-19,2024-08-12,2025-02-04,,IN_PROGRESS,2210000.0,2210000.0,1677390.0,59.0,75.9,18.544019,73.897549,Gram Ambedkar Nagar,Ward 20,Pune Block 4,Zila Parishad Engineering Wing,Registered Contractor V-138 Pvt Ltd,2026-06-07,False,False,False,True,True,OFFICIAL_ESAKSHI_DATA
MPLAD-RA-2024-0255,Gajendra Singh Shekhawat,Rajasthan,Jodhpur,JODHPUR,Installation of Solar Dual Pump Tube Well at Panchayat Bhavan,Drinking Water & Tube Wells,Standard infrastructure project under MPLADS guidelines for drinking water & tube wells to improve citizen access and public amenity.,2024-04-24,2024-06-15,2024-07-04,2024-10-22,2024-10-19,COMPLETED,703000.0,703000.0,680956.61,100.0,100.0,26.183951,73.026889,Gram Navodaya Vidyalaya,Ward 25,Jodhpur Block 5,District Urban Development Agency (DUDA),Registered Contractor V-128 Pvt Ltd,2024-10-12,True,True,True,True,True,OFFICIAL_ESAKSHI_DATA
MPLAD-UT-2024-0256,Shri Narendra Modi,Uttar Pradesh,Varanasi,VARANASI,Construction of Community Welfare Center at Hanuman Chowk,Community Hall & Cultural Centers,Standard infrastructure project under MPLADS guidelines for community hall & cultural centers to improve citizen access and public amenity.,2024-02-04,2024-03-07,2024-04-14,2024-09-25,,IN_PROGRESS,2742000.0,2742000.0,1088574.0,44.9,39.7,25.296638,82.951591,Gram Main Chauraha,Ward 7,Varanasi Block 3,Gram Panchayat Works Division,Registered Contractor V-133 Pvt Ltd,2026-07-21,False,False,False,True,True,OFFICIAL_ESAKSHI_DATA
MPLAD-UT-2024-0257,Rajnath Singh,Uttar Pradesh,Lucknow,LUCKNOW,"Development of Multipurpose Cultural Hall, Ward 1",Community Hall & Cultural Centers,Standard infrastructure project under MPLADS guidelines for community hall & cultural centers to improve citizen access and public amenity.,2024-07-05,2024-08-31,2024-09-19,2025-02-28,,IN_PROGRESS,2160000.0,2160000.0,1725840.0,73.5,79.9,26.896418,80.926224,Gram Shivaji Nagar,Ward 24,Lucknow Block 6,Zila Parishad Engineering Wing,Registered Contractor V-140 Pvt Ltd,2026-08-05,False,True,False,True,True,OFFICIAL_ESAKSHI_DATA
MPLAD-UT-2024-0258,Rajnath Singh,Uttar Pradesh,Lucknow,LUCKNOW,"Development of Multipurpose Cultural Hall, Ward 6",Community Hall & Cultural Centers,Standard infrastructure project under MPLADS guidelines for community hall & cultural centers to improve citizen access and public amenity.,2024-08-21,2024-10-10,2024-11-08,2025-04-04,,IN_PROGRESS,2582000.0,2582000.0,1136080.0,43.3,44.0,26.8632,80.926872,Gram Main Chauraha,Ward 18,Lucknow Block 2,Public Works Department (PWD) Rural,Registered Contractor V-143 Pvt Ltd,2026-08-05,False,False,False,True,True,OFFICIAL_ESAKSHI_DATA
MPLAD-KA-2024-0259,DR C N MANJUNATH,Karnataka,Bengaluru Rural,BANGALORE RURAL,Laying of Interlocking Tile Road at Gandhi Park Sector 17,Road Works,Standard infrastructure project under MPLADS guidelines for road works to improve citizen access and public amenity.,2024-06-19,2024-07-10,2024-08-20,2025-01-31,,IN_PROGRESS,1897000.0,1897000.0,1274784.0,71.2,67.2,13.231102,77.521949,Gram Railway Crossing,Ward 21,Bengaluru Rural Block 2,Gram Panchayat Works Division,Registered Contractor V-165 Pvt Ltd,2026-08-09,False,False,False,True,True,OFFICIAL_ESAKSHI_DATA
MPLAD-KA-2024-0260,YADUVEER KRISHNADATTA CHAMARAJA WADIYAR,Karnataka,Mysuru,MYSORE,Sinking of Deep Borewell with Overhead Storage Tank near Shastri Colony,Drinking Water & Tube Wells,Standard infrastructure project under MPLADS guidelines for drinking water & tube wells to improve citizen access and public amenity.,2024-02-13,2024-04-02,2024-05-03,2024-10-05,2024-10-22,COMPLETED,715000.0,715000.0,742795.49,100.0,100.0,12.358656,76.617952,Gram Kisan Mandi,Ward 17,Mysuru Block 2,Zila Parishad Engineering Wing,Registered Contractor V-138 Pvt Ltd,2024-09-22,True,True,True,True,True,OFFICIAL_ESAKSHI_DATA
MPLAD-UT-2024-0261,Shri Narendra Modi,Uttar Pradesh,Varanasi,VARANASI,"Augmentation of Village Piped Drinking Water Scheme, Ward 15",Drinking Water & Tube Wells,Standard infrastructure project under MPLADS guidelines for drinking water & tube wells to improve citizen access and public amenity.,2024-06-26,2024-07-25,2024-09-01,2025-03-03,,IN_PROGRESS,673000.0,673000.0,286698.0,46.5,42.6,25.336622,83.011826,Gram Bus Stand,Ward 2,Varanasi Block 6,Zila Parishad Engineering Wing,Registered Contractor V-173 Pvt Ltd,2026-07-26,False,False,False,True,True,OFFICIAL_ESAKSHI_DATA
MPLAD-MA-2024-0262,Nitin Jairam Gadkari,Maharashtra,Nagpur,NAGPUR,"Modernization of School Boundary Wall and Playground, Ward 18",School Infrastructure & Classrooms,Standard infrastructure project under MPLADS guidelines for school infrastructure & classrooms to improve citizen access and public amenity.,2024-08-22,2024-09-13,2024-09-29,2025-03-21,2025-04-15,COMPLETED,1571000.0,1571000.0,1533257.32,100.0,100.0,21.149466,79.027001,Gram Ambedkar Nagar,Ward 18,Nagpur Block 5,Public Health Engineering Department (PHED),Registered Contractor V-159 Pvt Ltd,2025-03-03,True,True,True,True,True,OFFICIAL_ESAKSHI_DATA
MPLAD-MA-2024-0263,Nitin Jairam Gadkari,Maharashtra,Nagpur,NAGPUR,"Construction of Separate Girls Sanitation Facility at Govt High School, Railway Crossing",School Infrastructure & Classrooms,Standard infrastructure project under MPLADS guidelines for school infrastructure & classrooms to improve citizen access and public amenity.,2024-06-25,2024-07-19,2024-08-19,2024-12-19,,IN_PROGRESS,1735000.0,1735000.0,1381060.0,79.4,79.6,21.144641,79.15101,Gram Main Chauraha,Ward 20,Nagpur Block 1,District Urban Development Agency (DUDA),Registered Contractor V-176 Pvt Ltd,2026-07-30,False,True,False,True,True,OFFICIAL_ESAKSHI_DATA
MPLAD-MA-2024-0264,Nitin Jairam Gadkari,Maharashtra,Nagpur,NAGPUR,Construction of Community RO Water Filtration Plant at Shastri Colony,Drinking Water & Tube Wells,Standard infrastructure project under MPLADS guidelines for drinking water & tube wells to improve citizen access and public amenity.,2024-05-20,2024-06-26,2024-07-17,2024-11-03,2024-11-26,COMPLETED,857000.0,857000.0,855336.27,100.0,100.0,21.153633,79.087625,Gram Kisan Mandi,Ward 11,Nagpur Block 6,Public Works Department (PWD) Rural,Registered Contractor V-110 Pvt Ltd,2024-10-21,True,True,True,True,True,OFFICIAL_ESAKSHI_DATA
MPLAD-RA-2024-0265,Gajendra Singh Shekhawat,Rajasthan,Jodhpur,JODHPUR,"Construction of 2 Additional Classrooms in Govt Upper Primary School, Panchayat Bhavan",School Infrastructure & Classrooms,Standard infrastructure project under MPLADS guidelines for school infrastructure & classrooms to improve citizen access and public amenity.,2024-06-09,2024-07-09,2024-08-13,2025-02-25,,IN_PROGRESS,2144000.0,2144000.0,737536.0,39.6,34.4,26.281097,73.03631,Gram Main Chauraha,Ward 19,Jodhpur Block 2,Public Health Engineering Department (PHED),Registered Contractor V-127 Pvt Ltd,2026-07-23,False,False,False,True,True,OFFICIAL_ESAKSHI_DATA
MPLAD-RA-2024-0266,MANJU SHARMA,Rajasthan,Jaipur,JAIPUR,Construction of B.R. Ambedkar Community Bhavan near Railway Crossing,Community Hall & Cultural Centers,Standard infrastructure project under MPLADS guidelines for community hall & cultural centers to improve citizen access and public amenity.,2024-04-22,2024-06-19,2024-07-22,2025-01-09,2024-12-30,COMPLETED,2533000.0,2533000.0,2628906.98,100.0,100.0,26.872786,75.729921,Gram Navodaya Vidyalaya,Ward 16,Jaipur Block 2,Public Works Department (PWD) Rural,Registered Contractor V-167 Pvt Ltd,2024-12-29,True,True,True,True,True,OFFICIAL_ESAKSHI_DATA
MPLAD-MA-2024-0267,Nitin Jairam Gadkari,Maharashtra,Nagpur,NAGPUR,Development of Community Sanitary Complex with Septic Facility,Public Sanitation & Drainage,Standard infrastructure project under MPLADS guidelines for public sanitation & drainage to improve citizen access and public amenity.,2024-08-07,2024-09-07,2024-10-11,2025-04-03,,IN_PROGRESS,714000.0,714000.0,269178.0,35.1,37.7,21.166473,79.127005,Gram Market Yard,Ward 13,Nagpur Block 2,Public Works Department (PWD) Rural,Registered Contractor V-175 Pvt Ltd,2026-07-12,False,False,False,True,True,OFFICIAL_ESAKSHI_DATA
MPLAD-RA-2024-0268,MANJU SHARMA,Rajasthan,Jaipur,JAIPUR,Installation of Solar Dual Pump Tube Well at Main Chauraha,Drinking Water & Tube Wells,Standard infrastructure project under MPLADS guidelines for drinking water & tube wells to improve citizen access and public amenity.,2024-07-03,2024-08-18,2024-09-28,2025-01-15,,IN_PROGRESS,855000.0,855000.0,352260.0,35.6,41.2,26.930155,75.824634,Gram Hanuman Chowk,Ward 16,Jaipur Block 6,Zila Parishad Engineering Wing,Registered Contractor V-165 Pvt Ltd,2026-07-22,False,False,False,True,True,OFFICIAL_ESAKSHI_DATA
MPLAD-MA-2024-0269,MURLIDHAR MOHOL,Maharashtra,Pune,PUNE,"Construction of 2 Additional Classrooms in Govt Upper Primary School, Primary Health Center",School Infrastructure & Classrooms,Standard infrastructure project under MPLADS guidelines for school infrastructure & classrooms to improve citizen access and public amenity.,2024-04-13,2024-05-05,2024-06-11,2024-11-15,,IN_PROGRESS,1813000.0,1813000.0,1468530.0,81.3,81.0,18.568776,73.879405,Gram Market Yard,Ward 5,Pune Block 3,Zila Parishad Engineering Wing,Registered Contractor V-154 Pvt Ltd,2026-07-17,False,True,False,True,True,OFFICIAL_ESAKSHI_DATA
MPLAD-UT-2024-0270,Shri Narendra Modi,Uttar Pradesh,Varanasi,VARANASI,"Construction of CC Road from Hanuman Chowk to Gandhi Park, Ward 34",Road Works,Standard infrastructure project under MPLADS guidelines for road works to improve citizen access and public amenity.,2024-08-21,2024-10-14,2024-11-11,2025-03-13,2025-04-03,COMPLETED,1443000.0,1443000.0,1394047.65,100.0,100.0,25.322735,83.016128,Gram Market Yard,Ward 21,Varanasi Block 2,District Urban Development Agency (DUDA),Registered Contractor V-177 Pvt Ltd,2025-03-11,True,True,True,True,True,OFFICIAL_ESAKSHI_DATA
MPLAD-KA-2024-0271,YADUVEER KRISHNADATTA CHAMARAJA WADIYAR,Karnataka,Mysuru,MYSORE,Construction of B.R. Ambedkar Community Bhavan near Market Yard,Community Hall & Cultural Centers,Standard infrastructure project under MPLADS guidelines for community hall & cultural centers to improve citizen access and public amenity.,2024-04-28,2024-06-24,2024-07-17,2024-11-17,,IN_PROGRESS,2335000.0,2335000.0,1298260.0,42.7,55.6,12.310439,76.653414,Gram Panchayat Bhavan,Ward 12,Mysuru Block 5,Gram Panchayat Works Division,Registered Contractor V-120 Pvt Ltd,2026-06-13,False,False,False,False,True,OFFICIAL_ESAKSHI_DATA
MPLAD-UT-2024-0272,Rajnath Singh,Uttar Pradesh,Lucknow,LUCKNOW,Construction of B.R. Ambedkar Community Bhavan near Bus Stand,Community Hall & Cultural Centers,Standard infrastructure project under MPLADS guidelines for community hall & cultural centers to improve citizen access and public amenity.,2024-07-26,2024-09-09,2024-10-17,2025-02-01,,IN_PROGRESS,1971000.0,1971000.0,1296918.0,49.8,65.8,26.84682,80.974821,Gram Kisan Mandi,Ward 11,Lucknow Block 5,Zila Parishad Engineering Wing,Registered Contractor V-145 Pvt Ltd,2026-06-02,False,False,False,True,True,OFFICIAL_ESAKSHI_DATA
MPLAD-RA-2024-0273,MANJU SHARMA,Rajasthan,Jaipur,JAIPUR,"Construction of Separate Girls Sanitation Facility at Govt High School, Ambedkar Nagar",School Infrastructure & Classrooms,Standard infrastructure project under MPLADS guidelines for school infrastructure & classrooms to improve citizen access and public amenity.,2024-08-07,2024-09-05,2024-10-05,2025-05-01,,IN_PROGRESS,2017000.0,2017000.0,544590.0,30.3,27.0,26.913262,75.790448,Gram Main Chauraha,Ward 13,Jaipur Block 5,Gram Panchayat Works Division,Registered Contractor V-112 Pvt Ltd,2026-07-30,False,False,False,True,True,OFFICIAL_ESAKSHI_DATA
MPLAD-KA-2024-0274,DR C N MANJUNATH,Karnataka,Bengaluru Rural,BANGALORE RURAL,"Augmentation of Village Piped Drinking Water Scheme, Ward 11",Drinking Water & Tube Wells,Standard infrastructure project under MPLADS guidelines for drinking water & tube wells to improve citizen access and public amenity.,2024-01-12,2024-02-13,2024-03-26,2024-09-16,,IN_PROGRESS,769000.0,769000.0,439099.0,45.5,57.1,13.176741,77.62733,Gram Bus Stand,Ward 21,Bengaluru Rural Block 1,Public Health Engineering Department (PHED),Registered Contractor V-157 Pvt Ltd,2026-05-29,False,False,False,True,True,OFFICIAL_ESAKSHI_DATA
MPLAD-MA-2024-0275,MURLIDHAR MOHOL,Maharashtra,Pune,PUNE,Erection of Senior Citizen Pavilion at Main Chauraha Panchayat,Community Hall & Cultural Centers,Standard infrastructure project under MPLADS guidelines for community hall & cultural centers to improve citizen access and public amenity.,2024-06-29,2024-08-13,2024-09-09,2025-02-21,2025-03-23,COMPLETED,2555000.0,2555000.0,2514598.34,100.0,100.0,18.52973,73.842652,Gram Shivaji Nagar,Ward 27,Pune Block 5,Public Health Engineering Department (PHED),Registered Contractor V-146 Pvt Ltd,2025-02-19,True,True,True,True,True,OFFICIAL_ESAKSHI_DATA
MPLAD-KA-2024-0276,YADUVEER KRISHNADATTA CHAMARAJA WADIYAR,Karnataka,Mysuru,MYSORE,Erection of Senior Citizen Pavilion at Gandhi Park Panchayat,Community Hall & Cultural Centers,Standard infrastructure project under MPLADS guidelines for community hall & cultural centers to improve citizen access and public amenity.,2024-02-28,2024-04-17,2024-05-31,2024-10-19,,IN_PROGRESS,2454000.0,2454000.0,966876.0,40.7,39.4,12.297478,76.660676,Gram Hanuman Chowk,Ward 26,Mysuru Block 5,Public Works Department (PWD) Rural,Registered Contractor V-178 Pvt Ltd,2026-08-07,False,False,False,True,True,OFFICIAL_ESAKSHI_DATA
MPLAD-KA-2024-0277,YADUVEER KRISHNADATTA CHAMARAJA WADIYAR,Karnataka,Mysuru,MYSORE,"Construction of Separate Girls Sanitation Facility at Govt High School, Govt Hospital",School Infrastructure & Classrooms,Standard infrastructure project under MPLADS guidelines for school infrastructure & classrooms to improve citizen access and public amenity.,2024-05-12,2024-06-16,2024-07-25,2024-12-05,,IN_PROGRESS,2088000.0,2088000.0,1200600.0,43.8,57.5,12.280175,76.646193,Gram Shastri Colony,Ward 26,Mysuru Block 2,Public Health Engineering Department (PHED),Registered Contractor V-173 Pvt Ltd,2026-06-29,False,False,False,False,True,OFFICIAL_ESAKSHI_DATA
MPLAD-MA-2024-0278,Nitin Jairam Gadkari,Maharashtra,Nagpur,NAGPUR,"Modernization of School Boundary Wall and Playground, Ward 26",School Infrastructure & Classrooms,Standard infrastructure project under MPLADS guidelines for school infrastructure & classrooms to improve citizen access and public amenity.,2024-05-26,2024-06-15,2024-07-22,2025-02-03,2025-01-24,COMPLETED,1695000.0,1695000.0,1668877.18,100.0,100.0,21.109872,79.092854,Gram Hanuman Chowk,Ward 18,Nagpur Block 2,District Urban Development Agency (DUDA),Registered Contractor V-167 Pvt Ltd,2025-01-23,True,True,True,True,True,OFFICIAL_ESAKSHI_DATA
MPLAD-UT-2024-0279,Rajnath Singh,Uttar Pradesh,Lucknow,LUCKNOW,Erection of Senior Citizen Pavilion at Shivaji Nagar Panchayat,Community Hall & Cultural Centers,Standard infrastructure project under MPLADS guidelines for community hall & cultural centers to improve citizen access and public amenity.,2024-03-18,2024-04-18,2024-06-02,2024-12-04,,IN_PROGRESS,2506000.0,2506000.0,1994776.0,79.6,79.6,26.829895,80.950673,Gram Bus Stand,Ward 8,Lucknow Block 2,Public Works Department (PWD) Rural,Registered Contractor V-174 Pvt Ltd,2026-08-04,False,True,False,True,True,OFFICIAL_ESAKSHI_DATA
MPLAD-MA-2024-0280,Nitin Jairam Gadkari,Maharashtra,Nagpur,NAGPUR,"Augmentation of Village Piped Drinking Water Scheme, Ward 3",Drinking Water & Tube Wells,Standard infrastructure project under MPLADS guidelines for drinking water & tube wells to improve citizen access and public amenity.,2024-09-01,2024-09-26,2024-11-01,2025-04-24,,IN_PROGRESS,567000.0,567000.0,172368.0,25.4,30.4,21.127397,79.083614,Gram Ambedkar Nagar,Ward 11,Nagpur Block 4,Gram Panchayat Works Division,Registered Contractor V-116 Pvt Ltd,2026-07-11,False,False,False,True,True,OFFICIAL_ESAKSHI_DATA
MPLAD-KA-2024-0281,YADUVEER KRISHNADATTA CHAMARAJA WADIYAR,Karnataka,Mysuru,MYSORE,"Augmentation of Village Piped Drinking Water Scheme, Ward 31",Drinking Water & Tube Wells,Standard infrastructure project under MPLADS guidelines for drinking water & tube wells to improve citizen access and public amenity.,2024-04-20,2024-05-24,2024-07-02,2024-12-12,2024-12-24,COMPLETED,597000.0,597000.0,626678.33,100.0,100.0,12.321424,76.677202,Gram Market Yard,Ward 28,Mysuru Block 6,Zila Parishad Engineering Wing,Registered Contractor V-136 Pvt Ltd,2024-11-24,True,True,True,True,True,OFFICIAL_ESAKSHI_DATA
MPLAD-MA-2024-0282,Nitin Jairam Gadkari,Maharashtra,Nagpur,NAGPUR,Construction of Cement Concrete Lane in Ward No. 21,Road Works,Standard infrastructure project under MPLADS guidelines for road works to improve citizen access and public amenity.,2024-03-30,2024-04-19,2024-05-04,2024-10-27,2024-10-18,COMPLETED,1178000.0,1178000.0,1138374.89,100.0,100.0,21.131573,79.03752,Gram Panchayat Bhavan,Ward 18,Nagpur Block 3,Zila Parishad Engineering Wing,Registered Contractor V-159 Pvt Ltd,2024-10-07,True,True,True,True,True,OFFICIAL_ESAKSHI_DATA
MPLAD-MA-2024-0283,Nitin Jairam Gadkari,Maharashtra,Nagpur,NAGPUR,Development of Science Laboratory & Smart Classroom at Govt Hospital,School Infrastructure & Classrooms,Standard infrastructure project under MPLADS guidelines for school infrastructure & classrooms to improve citizen access and public amenity.,2024-04-12,2024-05-13,2024-06-12,2024-11-03,2024-11-11,COMPLETED,2099000.0,2099000.0,2051407.17,100.0,100.0,21.168502,79.122756,Gram Ambedkar Nagar,Ward 5,Nagpur Block 5,Zila Parishad Engineering Wing,Registered Contractor V-144 Pvt Ltd,2024-10-21,True,True,True,True,True,OFFICIAL_ESAKSHI_DATA
MPLAD-MA-2024-0284,MURLIDHAR MOHOL,Maharashtra,Pune,PUNE,"Development of Multipurpose Cultural Hall, Ward 12",Community Hall & Cultural Centers,Standard infrastructure project under MPLADS guidelines for community hall & cultural centers to improve citizen access and public amenity.,2024-04-29,2024-06-12,2024-07-03,2024-10-19,,IN_PROGRESS,2371000.0,2371000.0,1633619.0,69.3,68.9,18.566269,73.879457,Gram Main Chauraha,Ward 28,Pune Block 6,Public Works Department (PWD) Rural,Registered Contractor V-172 Pvt Ltd,2026-08-10,False,False,False,True,True,OFFICIAL_ESAKSHI_DATA
MPLAD-KA-2024-0285,YADUVEER KRISHNADATTA CHAMARAJA WADIYAR,Karnataka,Mysuru,MYSORE,Construction of B.R. Ambedkar Community Bhavan near Navodaya Vidyalaya,Community Hall & Cultural Centers,Standard infrastructure project under MPLADS guidelines for community hall & cultural centers to improve citizen access and public amenity.,2024-08-16,2024-10-11,2024-10-27,2025-03-16,2025-03-04,COMPLETED,1961000.0,1961000.0,2055908.02,100.0,100.0,12.360432,76.601947,Gram Navodaya Vidyalaya,Ward 21,Mysuru Block 1,District Urban Development Agency (DUDA),Registered Contractor V-172 Pvt Ltd,2025-03-09,True,True,True,True,True,OFFICIAL_ESAKSHI_DATA
MPLAD-UT-2024-0286,Rajnath Singh,Uttar Pradesh,Lucknow,LUCKNOW,"Development of Multipurpose Cultural Hall, Ward 8",Community Hall & Cultural Centers,Standard infrastructure project under MPLADS guidelines for community hall & cultural centers to improve citizen access and public amenity.,2024-06-01,2024-07-26,2024-09-08,2025-03-20,2025-03-31,COMPLETED,2341000.0,2341000.0,2277782.37,100.0,100.0,26.822483,80.977626,Gram Ambedkar Nagar,Ward 19,Lucknow Block 6,District Urban Development Agency (DUDA),Registered Contractor V-147 Pvt Ltd,2025-03-18,True,True,True,True,True,OFFICIAL_ESAKSHI_DATA
MPLAD-MA-2024-0287,Nitin Jairam Gadkari,Maharashtra,Nagpur,NAGPUR,Erection of Senior Citizen Pavilion at Shastri Colony Panchayat,Community Hall & Cultural Centers,Standard infrastructure project under MPLADS guidelines for community hall & cultural centers to improve citizen access and public amenity.,2024-05-13,2024-06-30,2024-08-12,2024-11-20,,IN_PROGRESS,2376000.0,2376000.0,1045440.0,42.2,44.0,21.101996,79.138732,Gram Market Yard,Ward 21,Nagpur Block 5,District Urban Development Agency (DUDA),Registered Contractor V-166 Pvt Ltd,2026-08-06,False,False,False,True,True,OFFICIAL_ESAKSHI_DATA
MPLAD-UT-2024-0288,Shri Narendra Modi,Uttar Pradesh,Varanasi,VARANASI,Development of Approach Road connecting Govt Hospital Main Gate,Road Works,Standard infrastructure project under MPLADS guidelines for road works to improve citizen access and public amenity.,2024-03-08,2024-04-17,2024-05-12,2024-11-01,2024-11-24,COMPLETED,1688000.0,1688000.0,1733731.61,100.0,100.0,25.356705,82.985895,Gram Kisan Mandi,Ward 28,Varanasi Block 3,Public Works Department (PWD) Rural,Registered Contractor V-144 Pvt Ltd,2024-10-22,True,True,True,True,True,OFFICIAL_ESAKSHI_DATA
MPLAD-UT-2024-0289,Rajnath Singh,Uttar Pradesh,Lucknow,LUCKNOW,Construction of Community RO Water Filtration Plant at Hanuman Chowk,Drinking Water & Tube Wells,Standard infrastructure project under MPLADS guidelines for drinking water & tube wells to improve citizen access and public amenity.,2024-02-11,2024-03-17,2024-04-22,2024-08-22,,IN_PROGRESS,665000.0,665000.0,409640.0,51.0,61.6,26.862798,80.967463,Gram Gandhi Park,Ward 2,Lucknow Block 1,Public Works Department (PWD) Rural,Registered Contractor V-103 Pvt Ltd,2026-06-20,False,False,False,False,True,OFFICIAL_ESAKSHI_DATA
MPLAD-UT-2024-0290,Shri Narendra Modi,Uttar Pradesh,Varanasi,VARANASI,Upgradation and Tarring of Rural Link Road near Panchayat Bhavan,Road Works,Standard infrastructure project under MPLADS guidelines for road works to improve citizen access and public amenity.,2024-02-18,2024-03-14,2024-04-18,2024-11-13,,IN_PROGRESS,1694000.0,1694000.0,869022.0,39.3,51.3,25.328914,83.017622,Gram Ram Mandir,Ward 2,Varanasi Block 6,District Urban Development Agency (DUDA),Registered Contractor V-180 Pvt Ltd,2026-06-12,False,False,False,False,True,OFFICIAL_ESAKSHI_DATA
MPLAD-KA-2024-0291,YADUVEER KRISHNADATTA CHAMARAJA WADIYAR,Karnataka,Mysuru,MYSORE,"Construction of Separate Girls Sanitation Facility at Govt High School, Shastri Colony",School Infrastructure & Classrooms,Standard infrastructure project under MPLADS guidelines for school infrastructure & classrooms to improve citizen access and public amenity.,2024-09-05,2024-10-12,2024-11-13,2025-04-08,2025-04-04,COMPLETED,1933000.0,1933000.0,1919528.13,100.0,100.0,12.259725,76.637658,Gram Gandhi Park,Ward 21,Mysuru Block 6,Public Health Engineering Department (PHED),Registered Contractor V-170 Pvt Ltd,2025-03-20,True,True,True,True,True,OFFICIAL_ESAKSHI_DATA
MPLAD-KA-2024-0292,YADUVEER KRISHNADATTA CHAMARAJA WADIYAR,Karnataka,Mysuru,MYSORE,Development of Science Laboratory & Smart Classroom at Navodaya Vidyalaya,School Infrastructure & Classrooms,Standard infrastructure project under MPLADS guidelines for school infrastructure & classrooms to improve citizen access and public amenity.,2024-08-03,2024-08-28,2024-09-26,2025-02-02,,IN_PROGRESS,1532000.0,1532000.0,580628.0,40.6,37.9,12.269291,76.637994,Gram Primary Health Center,Ward 10,Mysuru Block 4,Zila Parishad Engineering Wing,Registered Contractor V-130 Pvt Ltd,2026-08-10,False,False,False,True,True,OFFICIAL_ESAKSHI_DATA
MPLAD-RA-2024-0293,Gajendra Singh Shekhawat,Rajasthan,Jodhpur,JODHPUR,"Construction of Separate Girls Sanitation Facility at Govt High School, Main Chauraha",School Infrastructure & Classrooms,Standard infrastructure project under MPLADS guidelines for school infrastructure & classrooms to improve citizen access and public amenity.,2024-07-24,2024-09-09,2024-10-19,2025-02-23,,IN_PROGRESS,2037000.0,2037000.0,1497195.0,72.8,73.5,26.243384,73.000463,Gram Market Yard,Ward 8,Jodhpur Block 2,District Urban Development Agency (DUDA),Registered Contractor V-102 Pvt Ltd,2026-08-04,False,False,False,True,True,OFFICIAL_ESAKSHI_DATA
MPLAD-UT-2024-0294,Rajnath Singh,Uttar Pradesh,Lucknow,LUCKNOW,"Augmentation of Village Piped Drinking Water Scheme, Ward 18",Drinking Water & Tube Wells,Standard infrastructure project under MPLADS guidelines for drinking water & tube wells to improve citizen access and public amenity.,2024-04-27,2024-06-26,2024-07-18,2024-12-21,,IN_PROGRESS,580000.0,580000.0,486620.0,79.6,83.9,26.823858,80.930584,Gram Market Yard,Ward 7,Lucknow Block 1,District Urban Development Agency (DUDA),Registered Contractor V-111 Pvt Ltd,2026-07-20,False,True,False,True,True,OFFICIAL_ESAKSHI_DATA
MPLAD-MA-2024-0295,MURLIDHAR MOHOL,Maharashtra,Pune,PUNE,Construction of Community Welfare Center at Ram Mandir,Community Hall & Cultural Centers,Standard infrastructure project under MPLADS guidelines for community hall & cultural centers to improve citizen access and public amenity.,2024-06-16,2024-08-03,2024-08-26,2025-02-21,,IN_PROGRESS,1944000.0,1944000.0,575424.0,36.3,29.6,18.504569,73.771864,Gram Govt Hospital,Ward 9,Pune Block 2,Gram Panchayat Works Division,Registered Contractor V-159 Pvt Ltd,2026-08-09,False,False,False,True,True,OFFICIAL_ESAKSHI_DATA
MPLAD-UT-2024-0296,Shri Narendra Modi,Uttar Pradesh,Varanasi,VARANASI,Installation of Solar Dual Pump Tube Well at Shivaji Nagar,Drinking Water & Tube Wells,Standard infrastructure project under MPLADS guidelines for drinking water & tube wells to improve citizen access and public amenity.,2024-01-13,2024-03-04,2024-03-25,2024-08-05,,IN_PROGRESS,788000.0,788000.0,568148.0,72.1,72.1,25.344215,83.001403,Gram Primary Health Center,Ward 3,Varanasi Block 2,Gram Panchayat Works Division,Registered Contractor V-120 Pvt Ltd,2026-07-30,False,False,False,True,True,OFFICIAL_ESAKSHI_DATA
MPLAD-RA-2024-0297,Gajendra Singh Shekhawat,Rajasthan,Jodhpur,JODHPUR,"Construction of Separate Girls Sanitation Facility at Govt High School, Market Yard",School Infrastructure & Classrooms,Standard infrastructure project under MPLADS guidelines for school infrastructure & classrooms to improve citizen access and public amenity.,2024-05-09,2024-06-09,2024-06-30,2025-01-20,,IN_PROGRESS,1849000.0,1849000.0,1453314.0,74.0,78.6,26.205056,73.02263,Gram Bus Stand,Ward 24,Jodhpur Block 1,Gram Panchayat Works Division,Registered Contractor V-170 Pvt Ltd,2026-08-07,False,True,False,True,True,OFFICIAL_ESAKSHI_DATA
MPLAD-MA-2024-0298,Nitin Jairam Gadkari,Maharashtra,Nagpur,NAGPUR,Construction of Cement Concrete Lane in Ward No. 17,Road Works,Standard infrastructure project under MPLADS guidelines for road works to improve citizen access and public amenity.,2024-05-10,2024-06-23,2024-07-29,2024-12-05,,IN_PROGRESS,1768000.0,1768000.0,894608.0,34.8,50.6,21.105257,79.140819,Gram Bus Stand,Ward 12,Nagpur Block 1,Zila Parishad Engineering Wing,Registered Contractor V-127 Pvt Ltd,2026-05-26,False,False,False,True,True,OFFICIAL_ESAKSHI_DATA
MPLAD-MA-2024-0299,MURLIDHAR MOHOL,Maharashtra,Pune,PUNE,Sinking of Deep Borewell with Overhead Storage Tank near Shivaji Nagar,Drinking Water & Tube Wells,Standard infrastructure project under MPLADS guidelines for drinking water & tube wells to improve citizen access and public amenity.,2024-01-13,2024-02-12,2024-03-23,2024-07-26,,IN_PROGRESS,769000.0,769000.0,346819.0,48.7,45.1,18.512666,73.857641,Gram Primary Health Center,Ward 25,Pune Block 1,Public Health Engineering Department (PHED),Registered Contractor V-142 Pvt Ltd,2026-08-09,False,False,False,True,True,OFFICIAL_ESAKSHI_DATA
MPLAD-MA-2024-0300,MURLIDHAR MOHOL,Maharashtra,Pune,PUNE,"Modernization of School Boundary Wall and Playground, Ward 9",School Infrastructure & Classrooms,Standard infrastructure project under MPLADS guidelines for school infrastructure & classrooms to improve citizen access and public amenity.,2024-04-05,2024-06-04,2024-06-20,2024-09-25,,IN_PROGRESS,1699000.0,1699000.0,589553.0,34.2,34.7,18.448939,73.848049,Gram Gandhi Park,Ward 26,Pune Block 6,Gram Panchayat Works Division,Registered Contractor V-180 Pvt Ltd,2026-08-07,False,False,False,True,True,OFFICIAL_ESAKSHI_DATA
MPLAD-KA-2024-0301,YADUVEER KRISHNADATTA CHAMARAJA WADIYAR,Karnataka,Mysuru,MYSORE,Construction of Community RO Water Filtration Plant at Gandhi Park,Drinking Water & Tube Wells,Standard infrastructure project under MPLADS guidelines for drinking water & tube wells to improve citizen access and public amenity.,2024-04-10,2024-05-08,2024-05-31,2024-12-22,2025-01-11,COMPLETED,912000.0,912000.0,939413.51,100.0,100.0,12.260743,76.629561,Gram Bus Stand,Ward 19,Mysuru Block 2,Gram Panchayat Works Division,Registered Contractor V-149 Pvt Ltd,2024-12-06,True,True,True,True,True,OFFICIAL_ESAKSHI_DATA
MPLAD-KA-2024-0302,YADUVEER KRISHNADATTA CHAMARAJA WADIYAR,Karnataka,Mysuru,MYSORE,"Construction of Separate Girls Sanitation Facility at Govt High School, Railway Crossing",School Infrastructure & Classrooms,Standard infrastructure project under MPLADS guidelines for school infrastructure & classrooms to improve citizen access and public amenity.,2024-08-31,2024-10-25,2024-11-14,2025-02-20,,IN_PROGRESS,1751000.0,1751000.0,989315.0,52.0,56.5,12.31823,76.622129,Gram Shivaji Nagar,Ward 6,Mysuru Block 1,District Urban Development Agency (DUDA),Registered Contractor V-177 Pvt Ltd,2026-07-24,False,False,False,True,True,OFFICIAL_ESAKSHI_DATA
MPLAD-KA-2024-0303,DR C N MANJUNATH,Karnataka,Bengaluru Rural,BANGALORE RURAL,Erection of Senior Citizen Pavilion at Market Yard Panchayat,Community Hall & Cultural Centers,Standard infrastructure project under MPLADS guidelines for community hall & cultural centers to improve citizen access and public amenity.,2024-08-06,2024-09-19,2024-10-10,2025-03-16,,IN_PROGRESS,2922000.0,2922000.0,1931442.0,70.9,66.1,13.233643,77.547051,Gram Hanuman Chowk,Ward 4,Bengaluru Rural Block 5,Gram Panchayat Works Division,Registered Contractor V-169 Pvt Ltd,2026-08-01,False,False,False,True,True,OFFICIAL_ESAKSHI_DATA
MPLAD-RA-2024-0304,MANJU SHARMA,Rajasthan,Jaipur,JAIPUR,"Augmentation of Village Piped Drinking Water Scheme, Ward 25",Drinking Water & Tube Wells,Standard infrastructure project under MPLADS guidelines for drinking water & tube wells to improve citizen access and public amenity.,2024-03-01,2024-03-27,2024-04-26,2024-08-18,2024-09-13,COMPLETED,811000.0,811000.0,835470.15,100.0,100.0,26.924927,75.801064,Gram Ram Mandir,Ward 12,Jaipur Block 2,Public Works Department (PWD) Rural,Registered Contractor V-105 Pvt Ltd,2024-07-29,True,True,True,True,True,OFFICIAL_ESAKSHI_DATA
MPLAD-RA-2024-0305,MANJU SHARMA,Rajasthan,Jaipur,JAIPUR,"Augmentation of Village Piped Drinking Water Scheme, Ward 4",Drinking Water & Tube Wells,Standard infrastructure project under MPLADS guidelines for drinking water & tube wells to improve citizen access and public amenity.,2024-05-08,2024-07-07,2024-07-23,2024-12-06,,IN_PROGRESS,869000.0,869000.0,696069.0,81.3,80.1,26.949134,75.768567,Gram Gandhi Park,Ward 2,Jaipur Block 6,Public Health Engineering Department (PHED),Registered Contractor V-111 Pvt Ltd,2026-07-30,False,True,False,True,True,OFFICIAL_ESAKSHI_DATA
MPLAD-RA-2024-0306,Gajendra Singh Shekhawat,Rajasthan,Jodhpur,JODHPUR,Laying of Interlocking Tile Road at Gandhi Park Sector 12,Road Works,Standard infrastructure project under MPLADS guidelines for road works to improve citizen access and public amenity.,2024-02-03,2024-02-29,2024-04-07,2024-08-04,,IN_PROGRESS,1468000.0,1468000.0,540224.0,36.4,36.8,26.245816,73.096934,Gram Market Yard,Ward 24,Jodhpur Block 1,Public Works Department (PWD) Rural,Registered Contractor V-167 Pvt Ltd,2026-08-03,False,False,False,True,True,OFFICIAL_ESAKSHI_DATA
MPLAD-KA-2024-0307,YADUVEER KRISHNADATTA CHAMARAJA WADIYAR,Karnataka,Mysuru,MYSORE,"Modernization of School Boundary Wall and Playground, Ward 29",School Infrastructure & Classrooms,Standard infrastructure project under MPLADS guidelines for school infrastructure & classrooms to improve citizen access and public amenity.,2024-07-30,2024-08-30,2024-10-01,2025-02-19,,IN_PROGRESS,1705000.0,1705000.0,1108250.0,64.5,65.0,12.356559,76.646327,Gram Gandhi Park,Ward 11,Mysuru Block 3,Gram Panchayat Works Division,Registered Contractor V-122 Pvt Ltd,2026-07-22,False,False,False,True,True,OFFICIAL_ESAKSHI_DATA
MPLAD-UT-2024-0308,Rajnath Singh,Uttar Pradesh,Lucknow,LUCKNOW,Construction of Community Welfare Center at Railway Crossing,Community Hall & Cultural Centers,Standard infrastructure project under MPLADS guidelines for community hall & cultural centers to improve citizen access and public amenity.,2024-06-02,2024-07-26,2024-08-16,2025-01-01,,IN_PROGRESS,2522000.0,2522000.0,1946984.0,80.6,77.2,26.829764,80.934988,Gram Shivaji Nagar,Ward 2,Lucknow Block 3,Zila Parishad Engineering Wing,Registered Contractor V-131 Pvt Ltd,2026-07-11,False,True,False,True,True,OFFICIAL_ESAKSHI_DATA
MPLAD-RA-2024-0309,MANJU SHARMA,Rajasthan,Jaipur,JAIPUR,"Development of Multipurpose Cultural Hall, Ward 33",Community Hall & Cultural Centers,Standard infrastructure project under MPLADS guidelines for community hall & cultural centers to improve citizen access and public amenity.,2024-03-06,2024-04-08,2024-05-20,2024-09-27,2024-10-17,COMPLETED,2393000.0,2393000.0,2406248.5,100.0,100.0,26.930699,75.76722,Gram Hanuman Chowk,Ward 2,Jaipur Block 4,Gram Panchayat Works Division,Registered Contractor V-139 Pvt Ltd,2024-09-17,True,True,True,True,True,OFFICIAL_ESAKSHI_DATA
MPLAD-KA-2024-0310,DR C N MANJUNATH,Karnataka,Bengaluru Rural,BANGALORE RURAL,Sinking of Deep Borewell with Overhead Storage Tank near Ambedkar Nagar,Drinking Water & Tube Wells,Standard infrastructure project under MPLADS guidelines for drinking water & tube wells to improve citizen access and public amenity.,2024-08-24,2024-10-20,2024-11-11,2025-03-10,2025-02-28,COMPLETED,818000.0,818000.0,858600.11,100.0,100.0,13.298979,77.542338,Gram Shivaji Nagar,Ward 3,Bengaluru Rural Block 6,District Urban Development Agency (DUDA),Registered Contractor V-147 Pvt Ltd,2025-02-27,True,True,True,True,True,OFFICIAL_ESAKSHI_DATA
MPLAD-KA-2024-0311,YADUVEER KRISHNADATTA CHAMARAJA WADIYAR,Karnataka,Mysuru,MYSORE,"Augmentation of Village Piped Drinking Water Scheme, Ward 6",Drinking Water & Tube Wells,Standard infrastructure project under MPLADS guidelines for drinking water & tube wells to improve citizen access and public amenity.,2024-08-06,2024-09-01,2024-10-05,2025-03-26,2025-04-04,COMPLETED,805000.0,805000.0,770561.97,100.0,100.0,12.29713,76.643601,Gram Primary Health Center,Ward 29,Mysuru Block 4,Public Health Engineering Department (PHED),Registered Contractor V-174 Pvt Ltd,2025-03-06,True,True,True,True,True,OFFICIAL_ESAKSHI_DATA
MPLAD-UT-2024-0312,Shri Narendra Modi,Uttar Pradesh,Varanasi,VARANASI,"Augmentation of Village Piped Drinking Water Scheme, Ward 35",Drinking Water & Tube Wells,Standard infrastructure project under MPLADS guidelines for drinking water & tube wells to improve citizen access and public amenity.,2024-06-20,2024-08-19,2024-09-15,2024-12-20,2024-12-25,COMPLETED,740000.0,740000.0,756810.51,100.0,100.0,25.281802,83.012087,Gram Gandhi Park,Ward 23,Varanasi Block 2,Zila Parishad Engineering Wing,Registered Contractor V-102 Pvt Ltd,2024-12-17,True,True,True,True,True,OFFICIAL_ESAKSHI_DATA
MPLAD-MA-2024-0313,MURLIDHAR MOHOL,Maharashtra,Pune,PUNE,"Construction of 2 Additional Classrooms in Govt Upper Primary School, Railway Crossing",School Infrastructure & Classrooms,Standard infrastructure project under MPLADS guidelines for school infrastructure & classrooms to improve citizen access and public amenity.,2024-06-05,2024-07-27,2024-08-13,2024-12-09,,IN_PROGRESS,1578000.0,1578000.0,1061994.0,72.2,67.3,18.503488,73.91179,Gram Gandhi Park,Ward 13,Pune Block 3,Public Health Engineering Department (PHED),Registered Contractor V-177 Pvt Ltd,2026-07-31,False,False,False,True,True,OFFICIAL_ESAKSHI_DATA
MPLAD-RA-2024-0314,Gajendra Singh Shekhawat,Rajasthan,Jodhpur,JODHPUR,Development of Community Sanitary Complex with Septic Facility,Public Sanitation & Drainage,Standard infrastructure project under MPLADS guidelines for public sanitation & drainage to improve citizen access and public amenity.,2024-07-23,2024-08-20,2024-09-19,2025-02-27,2025-03-25,COMPLETED,732000.0,732000.0,727506.65,100.0,100.0,26.187647,73.032156,Gram Bus Stand,Ward 3,Jodhpur Block 3,Public Health Engineering Department (PHED),Registered Contractor V-117 Pvt Ltd,2025-02-13,True,True,True,True,True,OFFICIAL_ESAKSHI_DATA
MPLAD-UT-2024-0315,Rajnath Singh,Uttar Pradesh,Lucknow,LUCKNOW,Development of Community Sanitary Complex with Septic Facility,Public Sanitation & Drainage,Standard infrastructure project under MPLADS guidelines for public sanitation & drainage to improve citizen access and public amenity.,2024-06-29,2024-08-14,2024-09-11,2025-01-25,2025-02-01,COMPLETED,523000.0,523000.0,527829.92,100.0,100.0,26.843011,81.008529,Gram Primary Health Center,Ward 20,Lucknow Block 4,Gram Panchayat Works Division,Registered Contractor V-115 Pvt Ltd,2025-01-13,True,True,True,True,True,OFFICIAL_ESAKSHI_DATA
MPLAD-MA-2024-0316,Nitin Jairam Gadkari,Maharashtra,Nagpur,NAGPUR,"Construction of CC Road from Navodaya Vidyalaya to Govt Hospital, Ward 10",Road Works,Standard infrastructure project under MPLADS guidelines for road works to improve citizen access and public amenity.,2024-07-03,2024-08-15,2024-09-03,2025-03-08,,IN_PROGRESS,1865000.0,1865000.0,624775.0,30.1,33.5,21.125753,79.139879,Gram Primary Health Center,Ward 23,Nagpur Block 1,Public Works Department (PWD) Rural,Registered Contractor V-126 Pvt Ltd,2026-08-03,False,False,False,True,True,OFFICIAL_ESAKSHI_DATA
MPLAD-KA-2024-0317,YADUVEER KRISHNADATTA CHAMARAJA WADIYAR,Karnataka,Mysuru,MYSORE,"Construction of 2 Additional Classrooms in Govt Upper Primary School, Shivaji Nagar",School Infrastructure & Classrooms,Standard infrastructure project under MPLADS guidelines for school infrastructure & classrooms to improve citizen access and public amenity.,2024-03-03,2024-04-26,2024-05-17,2024-09-10,,IN_PROGRESS,1960000.0,1960000.0,1385720.0,70.0,70.7,12.273905,76.653253,Gram Market Yard,Ward 19,Mysuru Block 6,Gram Panchayat Works Division,Registered Contractor V-143 Pvt Ltd,2026-07-22,False,False,False,True,True,OFFICIAL_ESAKSHI_DATA
MPLAD-RA-2024-0318,Gajendra Singh Shekhawat,Rajasthan,Jodhpur,JODHPUR,"Augmentation of Village Piped Drinking Water Scheme, Ward 18",Drinking Water & Tube Wells,Standard infrastructure project under MPLADS guidelines for drinking water & tube wells to improve citizen access and public amenity.,2024-03-01,2024-04-29,2024-05-22,2024-08-26,,IN_PROGRESS,690000.0,690000.0,521640.0,81.7,75.6,26.248024,73.005039,Gram Navodaya Vidyalaya,Ward 4,Jodhpur Block 1,Gram Panchayat Works Division,Registered Contractor V-137 Pvt Ltd,2026-07-20,False,True,False,True,True,OFFICIAL_ESAKSHI_DATA
MPLAD-KA-2024-0319,YADUVEER KRISHNADATTA CHAMARAJA WADIYAR,Karnataka,Mysuru,MYSORE,Installation of Solar Dual Pump Tube Well at Railway Crossing,Drinking Water & Tube Wells,Standard infrastructure project under MPLADS guidelines for drinking water & tube wells to improve citizen access and public amenity.,2024-07-09,2024-08-04,2024-09-16,2025-01-24,,IN_PROGRESS,799000.0,799000.0,439450.0,60.8,55.0,12.294906,76.680446,Gram Ram Mandir,Ward 8,Mysuru Block 5,Public Health Engineering Department (PHED),Registered Contractor V-166 Pvt Ltd,2026-08-04,False,False,False,True,True,OFFICIAL_ESAKSHI_DATA
MPLAD-KA-2024-0320,YADUVEER KRISHNADATTA CHAMARAJA WADIYAR,Karnataka,Mysuru,MYSORE,"Modernization of School Boundary Wall and Playground, Ward 18",School Infrastructure & Classrooms,Standard infrastructure project under MPLADS guidelines for school infrastructure & classrooms to improve citizen access and public amenity.,2024-01-14,2024-02-25,2024-04-01,2024-08-14,,IN_PROGRESS,1295000.0,1295000.0,647500.0,43.1,50.0,12.282828,76.666409,Gram Main Chauraha,Ward 13,Mysuru Block 1,Public Health Engineering Department (PHED),Registered Contractor V-121 Pvt Ltd,2026-07-25,False,False,False,True,True,OFFICIAL_ESAKSHI_DATA
MPLAD-KA-2024-0321,DR C N MANJUNATH,Karnataka,Bengaluru Rural,BANGALORE RURAL,Sinking of Deep Borewell with Overhead Storage Tank near Market Yard,Drinking Water & Tube Wells,Standard infrastructure project under MPLADS guidelines for drinking water & tube wells to improve citizen access and public amenity.,2024-06-26,2024-07-24,2024-08-10,2025-02-09,,IN_PROGRESS,717000.0,717000.0,603714.0,82.6,84.2,13.264207,77.51411,Gram Market Yard,Ward 10,Bengaluru Rural Block 5,District Urban Development Agency (DUDA),Registered Contractor V-151 Pvt Ltd,2026-07-21,False,True,False,True,True,OFFICIAL_ESAKSHI_DATA
MPLAD-KA-2024-0322,YADUVEER KRISHNADATTA CHAMARAJA WADIYAR,Karnataka,Mysuru,MYSORE,Installation of Decentralized Solid Waste Management Unit at Main Chauraha,Public Sanitation & Drainage,Standard infrastructure project under MPLADS guidelines for public sanitation & drainage to improve citizen access and public amenity.,2024-06-25,2024-07-23,2024-08-25,2025-01-31,,IN_PROGRESS,741000.0,741000.0,237120.0,37.1,32.0,12.256612,76.594086,Gram Main Chauraha,Ward 25,Mysuru Block 2,Public Works Department (PWD) Rural,Registered Contractor V-127 Pvt Ltd,2026-07-19,False,False,False,True,True,OFFICIAL_ESAKSHI_DATA
MPLAD-MA-2024-0323,Nitin Jairam Gadkari,Maharashtra,Nagpur,NAGPUR,Development of Approach Road connecting Market Yard Main Gate,Road Works,Standard infrastructure project under MPLADS guidelines for road works to improve citizen access and public amenity.,2024-07-12,2024-08-08,2024-08-28,2025-01-05,,IN_PROGRESS,1591000.0,1591000.0,431161.0,33.7,27.1,21.12943,79.100328,Gram Shivaji Nagar,Ward 30,Nagpur Block 6,Zila Parishad Engineering Wing,Registered Contractor V-169 Pvt Ltd,2026-07-31,False,False,False,True,True,OFFICIAL_ESAKSHI_DATA
MPLAD-KA-2024-0324,DR C N MANJUNATH,Karnataka,Bengaluru Rural,BANGALORE RURAL,Installation of Solar Dual Pump Tube Well at Bus Stand,Drinking Water & Tube Wells,Standard infrastructure project under MPLADS guidelines for drinking water & tube wells to improve citizen access and public amenity.,2024-02-26,2024-03-18,2024-04-26,2024-10-11,,IN_PROGRESS,635000.0,635000.0,399415.0,61.3,62.9,13.240696,77.577689,Gram Primary Health Center,Ward 3,Bengaluru Rural Block 6,Gram Panchayat Works Division,Registered Contractor V-117 Pvt Ltd,2026-07-22,False,False,False,True,True,OFFICIAL_ESAKSHI_DATA
MPLAD-UT-2024-0325,Shri Narendra Modi,Uttar Pradesh,Varanasi,VARANASI,"Construction of Underground Drainage System at Market Yard, Ward 3",Public Sanitation & Drainage,Standard infrastructure project under MPLADS guidelines for public sanitation & drainage to improve citizen access and public amenity.,2024-07-10,2024-08-22,2024-09-11,2025-03-29,,IN_PROGRESS,529000.0,529000.0,257623.0,53.4,48.7,25.352469,82.956619,Gram Main Chauraha,Ward 9,Varanasi Block 4,Zila Parishad Engineering Wing,Registered Contractor V-161 Pvt Ltd,2026-08-03,False,False,False,True,True,OFFICIAL_ESAKSHI_DATA
MPLAD-MA-2024-0326,MURLIDHAR MOHOL,Maharashtra,Pune,PUNE,Installation of Solar Dual Pump Tube Well at Market Yard,Drinking Water & Tube Wells,Standard infrastructure project under MPLADS guidelines for drinking water & tube wells to improve citizen access and public amenity.,2024-09-03,2024-10-21,2024-12-02,2025-05-19,,IN_PROGRESS,827000.0,827000.0,363053.0,44.5,43.9,18.505416,73.909227,Gram Ambedkar Nagar,Ward 24,Pune Block 4,Gram Panchayat Works Division,Registered Contractor V-123 Pvt Ltd,2026-08-03,False,False,False,True,True,OFFICIAL_ESAKSHI_DATA
MPLAD-KA-2024-0327,YADUVEER KRISHNADATTA CHAMARAJA WADIYAR,Karnataka,Mysuru,MYSORE,Installation of Decentralized Solid Waste Management Unit at Main Chauraha,Public Sanitation & Drainage,Standard infrastructure project under MPLADS guidelines for public sanitation & drainage to improve citizen access and public amenity.,2024-05-26,2024-07-18,2024-08-22,2025-03-12,,IN_PROGRESS,625000.0,625000.0,136250.0,27.3,21.8,12.283597,76.627176,Gram Shivaji Nagar,Ward 2,Mysuru Block 5,Zila Parishad Engineering Wing,Registered Contractor V-177 Pvt Ltd,2026-07-27,False,False,False,True,True,OFFICIAL_ESAKSHI_DATA
MPLAD-UT-2024-0328,Shri Narendra Modi,Uttar Pradesh,Varanasi,VARANASI,Installation of Solar Dual Pump Tube Well at Ambedkar Nagar,Drinking Water & Tube Wells,Standard infrastructure project under MPLADS guidelines for drinking water & tube wells to improve citizen access and public amenity.,2024-04-20,2024-05-29,2024-07-07,2025-01-18,2025-01-30,COMPLETED,789000.0,789000.0,795734.46,100.0,100.0,25.390286,82.987268,Gram Shivaji Nagar,Ward 17,Varanasi Block 2,District Urban Development Agency (DUDA),Registered Contractor V-157 Pvt Ltd,2025-01-11,True,True,True,True,True,OFFICIAL_ESAKSHI_DATA
MPLAD-UT-2024-0329,Rajnath Singh,Uttar Pradesh,Lucknow,LUCKNOW,Laying of Interlocking Tile Road at Panchayat Bhavan Sector 2,Road Works,Standard infrastructure project under MPLADS guidelines for road works to improve citizen access and public amenity.,2024-02-25,2024-04-22,2024-06-06,2024-12-27,,IN_PROGRESS,1537000.0,1537000.0,490303.0,33.1,31.9,26.836084,80.95949,Gram Main Chauraha,Ward 23,Lucknow Block 2,Zila Parishad Engineering Wing,Registered Contractor V-115 Pvt Ltd,2026-07-27,False,False,False,True,True,OFFICIAL_ESAKSHI_DATA
MPLAD-UT-2024-0330,Shri Narendra Modi,Uttar Pradesh,Varanasi,VARANASI,"Development of Multipurpose Cultural Hall, Ward 25",Community Hall & Cultural Centers,Standard infrastructure project under MPLADS guidelines for community hall & cultural centers to improve citizen access and public amenity.,2024-07-11,2024-08-07,2024-08-24,2024-12-06,,IN_PROGRESS,2202000.0,2202000.0,1259544.0,63.0,57.2,25.298317,82.975593,Gram Market Yard,Ward 18,Varanasi Block 4,District Urban Development Agency (DUDA),Registered Contractor V-121 Pvt Ltd,2026-07-19,False,False,False,True,True,OFFICIAL_ESAKSHI_DATA
MPLAD-RA-2024-0331,MANJU SHARMA,Rajasthan,Jaipur,JAIPUR,"Development of Multipurpose Cultural Hall, Ward 29",Community Hall & Cultural Centers,Standard infrastructure project under MPLADS guidelines for community hall & cultural centers to improve citizen access and public amenity.,2024-02-20,2024-03-20,2024-04-09,2024-10-14,,IN_PROGRESS,2345000.0,2345000.0,1113875.0,50.2,47.5,26.907818,75.751077,Gram Hanuman Chowk,Ward 29,Jaipur Block 2,Zila Parishad Engineering Wing,Registered Contractor V-120 Pvt Ltd,2026-07-17,False,False,False,True,True,OFFICIAL_ESAKSHI_DATA
MPLAD-MA-2024-0332,MURLIDHAR MOHOL,Maharashtra,Pune,PUNE,Installation of Decentralized Solid Waste Management Unit at Ambedkar Nagar,Public Sanitation & Drainage,Standard infrastructure project under MPLADS guidelines for public sanitation & drainage to improve citizen access and public amenity.,2024-05-06,2024-06-26,2024-08-07,2025-01-07,,IN_PROGRESS,651000.0,651000.0,199857.0,25.3,30.7,18.536094,73.836093,Gram Railway Crossing,Ward 14,Pune Block 4,District Urban Development Agency (DUDA),Registered Contractor V-102 Pvt Ltd,2026-08-03,False,False,False,True,True,OFFICIAL_ESAKSHI_DATA
MPLAD-RA-2024-0333,MANJU SHARMA,Rajasthan,Jaipur,JAIPUR,Installation of Solar Dual Pump Tube Well at Ram Mandir,Drinking Water & Tube Wells,Standard infrastructure project under MPLADS guidelines for drinking water & tube wells to improve citizen access and public amenity.,2024-06-16,2024-08-15,2024-09-16,2025-03-29,,IN_PROGRESS,738000.0,738000.0,169740.0,27.9,23.0,26.917277,75.803139,Gram Shastri Colony,Ward 19,Jaipur Block 5,Zila Parishad Engineering Wing,Registered Contractor V-136 Pvt Ltd,2026-07-21,False,False,False,True,True,OFFICIAL_ESAKSHI_DATA
MPLAD-KA-2024-0334,YADUVEER KRISHNADATTA CHAMARAJA WADIYAR,Karnataka,Mysuru,MYSORE,Laying of Interlocking Tile Road at Railway Crossing Sector 12,Road Works,Standard infrastructure project under MPLADS guidelines for road works to improve citizen access and public amenity.,2024-04-25,2024-05-26,2024-06-15,2024-12-08,2024-12-28,COMPLETED,2164000.0,2164000.0,2200109.43,100.0,100.0,12.333805,76.565868,Gram Primary Health Center,Ward 30,Mysuru Block 1,Gram Panchayat Works Division,Registered Contractor V-114 Pvt Ltd,2024-11-18,True,True,True,True,True,OFFICIAL_ESAKSHI_DATA
MPLAD-RA-2024-0335,Gajendra Singh Shekhawat,Rajasthan,Jodhpur,JODHPUR,Construction of B.R. Ambedkar Community Bhavan near Primary Health Center,Community Hall & Cultural Centers,Standard infrastructure project under MPLADS guidelines for community hall & cultural centers to improve citizen access and public amenity.,2024-08-06,2024-08-30,2024-10-08,2025-03-01,,IN_PROGRESS,2576000.0,2576000.0,734160.0,28.9,28.5,26.277686,72.987903,Gram Gandhi Park,Ward 7,Jodhpur Block 6,District Urban Development Agency (DUDA),Registered Contractor V-149 Pvt Ltd,2026-08-07,False,False,False,True,True,OFFICIAL_ESAKSHI_DATA
MPLAD-MA-2024-0336,MURLIDHAR MOHOL,Maharashtra,Pune,PUNE,Laying of Interlocking Tile Road at Govt Hospital Sector 21,Road Works,Standard infrastructure project under MPLADS guidelines for road works to improve citizen access and public amenity.,2024-02-01,2024-03-22,2024-04-29,2024-10-24,,IN_PROGRESS,1967000.0,1967000.0,1479184.0,72.3,75.2,18.48353,73.834868,Gram Ambedkar Nagar,Ward 12,Pune Block 2,Zila Parishad Engineering Wing,Registered Contractor V-168 Pvt Ltd,2026-07-28,False,True,False,True,True,OFFICIAL_ESAKSHI_DATA
MPLAD-UT-2024-0337,Rajnath Singh,Uttar Pradesh,Lucknow,LUCKNOW,Development of Science Laboratory & Smart Classroom at Shivaji Nagar,School Infrastructure & Classrooms,Standard infrastructure project under MPLADS guidelines for school infrastructure & classrooms to improve citizen access and public amenity.,2024-03-09,2024-04-16,2024-05-07,2024-08-05,2024-08-30,COMPLETED,2043000.0,2043000.0,2133834.69,100.0,100.0,26.840026,80.95381,Gram Kisan Mandi,Ward 20,Lucknow Block 4,Public Works Department (PWD) Rural,Registered Contractor V-179 Pvt Ltd,2024-07-20,True,True,True,True,True,OFFICIAL_ESAKSHI_DATA
MPLAD-UT-2024-0338,Shri Narendra Modi,Uttar Pradesh,Varanasi,VARANASI,Erection of Senior Citizen Pavilion at Govt Hospital Panchayat,Community Hall & Cultural Centers,Standard infrastructure project under MPLADS guidelines for community hall & cultural centers to improve citizen access and public amenity.,2024-08-03,2024-10-02,2024-10-23,2025-01-22,,IN_PROGRESS,2977000.0,2977000.0,1875510.0,66.4,63.0,25.334949,82.972819,Gram Kisan Mandi,Ward 1,Varanasi Block 1,District Urban Development Agency (DUDA),Registered Contractor V-172 Pvt Ltd,2026-08-08,False,False,False,True,True,OFFICIAL_ESAKSHI_DATA
MPLAD-KA-2024-0339,YADUVEER KRISHNADATTA CHAMARAJA WADIYAR,Karnataka,Mysuru,MYSORE,"Construction of Separate Girls Sanitation Facility at Govt High School, Shastri Colony",School Infrastructure & Classrooms,Standard infrastructure project under MPLADS guidelines for school infrastructure & classrooms to improve citizen access and public amenity.,2024-01-17,2024-02-17,2024-03-09,2024-07-19,,IN_PROGRESS,1750000.0,1750000.0,1400000.0,80.3,80.0,12.329504,76.650167,Gram Panchayat Bhavan,Ward 21,Mysuru Block 4,Zila Parishad Engineering Wing,Registered Contractor V-179 Pvt Ltd,2026-07-26,False,True,False,True,True,OFFICIAL_ESAKSHI_DATA
MPLAD-KA-2024-0340,YADUVEER KRISHNADATTA CHAMARAJA WADIYAR,Karnataka,Mysuru,MYSORE,"Modernization of School Boundary Wall and Playground, Ward 14",School Infrastructure & Classrooms,Standard infrastructure project under MPLADS guidelines for school infrastructure & classrooms to improve citizen access and public amenity.,2024-03-26,2024-05-21,2024-06-28,2024-12-21,2024-12-07,COMPLETED,1950000.0,1950000.0,1984420.11,100.0,100.0,12.298162,76.646315,Gram Kisan Mandi,Ward 30,Mysuru Block 3,Gram Panchayat Works Division,Registered Contractor V-167 Pvt Ltd,2024-12-02,True,True,True,True,True,OFFICIAL_ESAKSHI_DATA
MPLAD-KA-2024-0341,DR C N MANJUNATH,Karnataka,Bengaluru Rural,BANGALORE RURAL,Construction of Community Welfare Center at Devanahalli,Community Hall & Cultural Centers,Standard infrastructure project under MPLADS guidelines for community hall & cultural centers to improve citizen access and public amenity.,2024-04-15,2024-06-14,2024-07-16,2025-01-29,2025-01-25,COMPLETED,2800000.0,2870000.0,2800000.0,100.0,100.0,26.934756,75.747295,Gram Shivaji Nagar,Ward 28,Jaipur Block 3,Gram Panchayat Works Division,Registered Contractor V-144 Pvt Ltd,2025-01-15,False,False,False,False,False,OFFICIAL_ESAKSHI_DATA
MPLAD-RA-2024-0342,Gajendra Singh Shekhawat,Rajasthan,Jodhpur,JODHPUR,"Construction of 2 Additional Classrooms in Govt Upper Primary School, Primary Health Center",School Infrastructure & Classrooms,Standard infrastructure project under MPLADS guidelines for school infrastructure & classrooms to improve citizen access and public amenity.,2024-08-21,2024-09-25,2024-10-21,2025-03-17,,IN_PROGRESS,1794000.0,1794000.0,782184.0,43.2,43.6,26.198778,73.05948,Gram Kisan Mandi,Ward 7,Jodhpur Block 1,Gram Panchayat Works Division,Registered Contractor V-164 Pvt Ltd,2026-08-05,False,False,False,True,True,OFFICIAL_ESAKSHI_DATA
MPLAD-UT-2024-0343,Shri Narendra Modi,Uttar Pradesh,Varanasi,VARANASI,Development of Science Laboratory & Smart Classroom at Navodaya Vidyalaya,School Infrastructure & Classrooms,Standard infrastructure project under MPLADS guidelines for school infrastructure & classrooms to improve citizen access and public amenity.,2024-02-27,2024-04-08,2024-05-22,2024-10-20,,IN_PROGRESS,1975000.0,1975000.0,1190925.0,56.4,60.3,25.329521,83.024131,Gram Bus Stand,Ward 24,Varanasi Block 1,Zila Parishad Engineering Wing,Registered Contractor V-120 Pvt Ltd,2026-08-06,False,False,False,True,True,OFFICIAL_ESAKSHI_DATA
MPLAD-UT-2024-0344,Rajnath Singh,Uttar Pradesh,Lucknow,LUCKNOW,Covered Drain Construction from Main Chowk to Gandhi Park,Public Sanitation & Drainage,Standard infrastructure project under MPLADS guidelines for public sanitation & drainage to improve citizen access and public amenity.,2024-03-29,2024-04-20,2024-05-26,2024-12-10,,IN_PROGRESS,577000.0,577000.0,171369.0,30.2,29.7,26.859144,80.887233,Gram Ram Mandir,Ward 19,Lucknow Block 3,Gram Panchayat Works Division,Registered Contractor V-101 Pvt Ltd,2026-08-09,False,False,False,True,True,OFFICIAL_ESAKSHI_DATA
MPLAD-MA-2024-0345,Nitin Jairam Gadkari,Maharashtra,Nagpur,NAGPUR,Installation of Solar Dual Pump Tube Well at Ram Mandir,Drinking Water & Tube Wells,Standard infrastructure project under MPLADS guidelines for drinking water & tube wells to improve citizen access and public amenity.,2024-03-20,2024-05-13,2024-06-07,2024-12-12,,IN_PROGRESS,815000.0,815000.0,221680.0,32.1,27.2,21.182442,79.108148,Gram Bus Stand,Ward 18,Nagpur Block 3,Public Works Department (PWD) Rural,Registered Contractor V-137 Pvt Ltd,2026-08-02,False,False,False,True,True,OFFICIAL_ESAKSHI_DATA
MPLAD-KA-2024-0346,YADUVEER KRISHNADATTA CHAMARAJA WADIYAR,Karnataka,Mysuru,MYSORE,Installation of Solar Dual Pump Tube Well at Railway Crossing,Drinking Water & Tube Wells,Standard infrastructure project under MPLADS guidelines for drinking water & tube wells to improve citizen access and public amenity.,2024-03-12,2024-04-11,2024-04-28,2024-09-04,,IN_PROGRESS,726000.0,726000.0,323070.0,45.3,44.5,12.318039,76.684541,Gram Hanuman Chowk,Ward 13,Mysuru Block 1,District Urban Development Agency (DUDA),Registered Contractor V-174 Pvt Ltd,2026-08-06,False,False,False,True,True,OFFICIAL_ESAKSHI_DATA
MPLAD-RA-2024-0347,Gajendra Singh Shekhawat,Rajasthan,Jodhpur,JODHPUR,"Construction of 2 Additional Classrooms in Govt Upper Primary School, Shivaji Nagar",School Infrastructure & Classrooms,Standard infrastructure project under MPLADS guidelines for school infrastructure & classrooms to improve citizen access and public amenity.,2024-08-25,2024-10-21,2024-11-25,2025-06-10,,IN_PROGRESS,1566000.0,1566000.0,779868.0,51.8,49.8,26.243117,72.988296,Gram Main Chauraha,Ward 25,Jodhpur Block 4,Public Works Department (PWD) Rural,Registered Contractor V-177 Pvt Ltd,2026-07-31,False,False,False,True,True,OFFICIAL_ESAKSHI_DATA
MPLAD-MA-2024-0348,MURLIDHAR MOHOL,Maharashtra,Pune,PUNE,"Modernization of School Boundary Wall and Playground, Ward 26",School Infrastructure & Classrooms,Standard infrastructure project under MPLADS guidelines for school infrastructure & classrooms to improve citizen access and public amenity.,2024-03-29,2024-05-17,2024-06-16,2024-10-13,,IN_PROGRESS,2195000.0,2195000.0,1130425.0,34.3,51.5,18.462869,73.825719,Gram Kisan Mandi,Ward 28,Pune Block 3,Gram Panchayat Works Division,Registered Contractor V-159 Pvt Ltd,2026-06-14,False,False,False,False,True,OFFICIAL_ESAKSHI_DATA
MPLAD-UT-2024-0349,Rajnath Singh,Uttar Pradesh,Lucknow,LUCKNOW,Development of Approach Road connecting Gandhi Park Main Gate,Road Works,Standard infrastructure project under MPLADS guidelines for road works to improve citizen access and public amenity.,2024-02-07,2024-03-20,2024-04-19,2024-09-15,,IN_PROGRESS,1352000.0,1352000.0,538096.0,41.9,39.8,26.792355,80.935576,Gram Navodaya Vidyalaya,Ward 23,Lucknow Block 1,Gram Panchayat Works Division,Registered Contractor V-161 Pvt Ltd,2026-07-23,False,False,False,True,True,OFFICIAL_ESAKSHI_DATA
MPLAD-KA-2024-0350,DR C N MANJUNATH,Karnataka,Bengaluru Rural,BANGALORE RURAL,Construction of B.R. Ambedkar Community Bhavan near Primary Health Center,Community Hall & Cultural Centers,Standard infrastructure project under MPLADS guidelines for community hall & cultural centers to improve citizen access and public amenity.,2024-04-21,2024-06-17,2024-07-15,2024-11-12,,IN_PROGRESS,2198000.0,2198000.0,1417710.0,57.9,64.5,13.202966,77.580939,Gram Kisan Mandi,Ward 14,Bengaluru Rural Block 5,Zila Parishad Engineering Wing,Registered Contractor V-160 Pvt Ltd,2026-07-29,False,False,False,True,True,OFFICIAL_ESAKSHI_DATA
MPLAD-KA-2024-0351,DR C N MANJUNATH,Karnataka,Bengaluru Rural,BANGALORE RURAL,Installation of Solar Dual Pump Tube Well at Govt Hospital,Drinking Water & Tube Wells,Standard infrastructure project under MPLADS guidelines for drinking water & tube wells to improve citizen access and public amenity.,2024-08-11,2024-10-01,2024-10-19,2025-04-02,,IN_PROGRESS,548000.0,548000.0,213172.0,44.5,38.9,13.262138,77.628689,Gram Ambedkar Nagar,Ward 4,Bengaluru Rural Block 6,Gram Panchayat Works Division,Registered Contractor V-174 Pvt Ltd,2026-07-27,False,False,False,True,True,OFFICIAL_ESAKSHI_DATA
MPLAD-UT-2024-0352,Rajnath Singh,Uttar Pradesh,Lucknow,LUCKNOW,"Construction of Separate Girls Sanitation Facility at Govt High School, Gandhi Park",School Infrastructure & Classrooms,Standard infrastructure project under MPLADS guidelines for school infrastructure & classrooms to improve citizen access and public amenity.,2024-03-05,2024-04-02,2024-05-15,2024-10-26,,IN_PROGRESS,2100000.0,2100000.0,1241100.0,49.1,59.1,26.822795,80.94827,Gram Ambedkar Nagar,Ward 19,Lucknow Block 4,Gram Panchayat Works Division,Registered Contractor V-112 Pvt Ltd,2026-06-21,False,False,False,True,True,OFFICIAL_ESAKSHI_DATA
MPLAD-MA-2024-0353,MURLIDHAR MOHOL,Maharashtra,Pune,PUNE,"Development of Multipurpose Cultural Hall, Ward 33",Community Hall & Cultural Centers,Standard infrastructure project under MPLADS guidelines for community hall & cultural centers to improve citizen access and public amenity.,2024-07-31,2024-09-08,2024-10-22,2025-05-20,,IN_PROGRESS,2067000.0,2067000.0,1422096.0,51.5,68.8,18.504501,73.856002,Gram Navodaya Vidyalaya,Ward 10,Pune Block 1,District Urban Development Agency (DUDA),Registered Contractor V-173 Pvt Ltd,2026-06-25,False,False,False,True,True,OFFICIAL_ESAKSHI_DATA
MPLAD-KA-2024-0354,DR C N MANJUNATH,Karnataka,Bengaluru Rural,BANGALORE RURAL,Development of Approach Road connecting Shivaji Nagar Main Gate,Road Works,Standard infrastructure project under MPLADS guidelines for road works to improve citizen access and public amenity.,2024-02-07,2024-03-16,2024-04-27,2024-07-29,2024-08-08,COMPLETED,1250000.0,1250000.0,1254200.32,100.0,100.0,13.170352,77.625588,Gram Market Yard,Ward 14,Bengaluru Rural Block 5,Zila Parishad Engineering Wing,Registered Contractor V-146 Pvt Ltd,2024-07-09,True,True,True,True,True,OFFICIAL_ESAKSHI_DATA
MPLAD-MA-2024-0355,MURLIDHAR MOHOL,Maharashtra,Pune,PUNE,"Construction of 2 Additional Classrooms in Govt Upper Primary School, Panchayat Bhavan",School Infrastructure & Classrooms,Standard infrastructure project under MPLADS guidelines for school infrastructure & classrooms to improve citizen access and public amenity.,2024-05-31,2024-07-14,2024-08-24,2025-03-20,,IN_PROGRESS,1982000.0,1982000.0,931540.0,50.0,47.0,18.56885,73.876437,Gram Shastri Colony,Ward 1,Pune Block 2,Public Works Department (PWD) Rural,Registered Contractor V-125 Pvt Ltd,2026-07-14,False,False,False,True,True,OFFICIAL_ESAKSHI_DATA
MPLAD-UT-2024-0356,Rajnath Singh,Uttar Pradesh,Lucknow,LUCKNOW,Construction of Community RO Water Filtration Plant at Market Yard,Drinking Water & Tube Wells,Standard infrastructure project under MPLADS guidelines for drinking water & tube wells to improve citizen access and public amenity.,2024-06-22,2024-08-07,2024-09-18,2025-02-13,,IN_PROGRESS,775000.0,775000.0,529325.0,50.9,68.3,26.87657,80.972763,Gram Market Yard,Ward 12,Lucknow Block 2,Gram Panchayat Works Division,Registered Contractor V-118 Pvt Ltd,2026-06-19,False,False,False,False,True,OFFICIAL_ESAKSHI_DATA
MPLAD-MA-2024-0357,Nitin Jairam Gadkari,Maharashtra,Nagpur,NAGPUR,Installation of Decentralized Solid Waste Management Unit at Ram Mandir,Public Sanitation & Drainage,Standard infrastructure project under MPLADS guidelines for public sanitation & drainage to improve citizen access and public amenity.,2024-05-16,2024-06-20,2024-07-27,2024-12-28,2025-01-18,COMPLETED,591000.0,591000.0,590165.02,100.0,100.0,21.149447,79.086009,Gram Shivaji Nagar,Ward 12,Nagpur Block 1,Gram Panchayat Works Division,Registered Contractor V-174 Pvt Ltd,2024-12-09,True,True,True,True,True,OFFICIAL_ESAKSHI_DATA
MPLAD-UT-2024-0358,Shri Narendra Modi,Uttar Pradesh,Varanasi,VARANASI,Installation of Solar Dual Pump Tube Well at Main Chauraha,Drinking Water & Tube Wells,Standard infrastructure project under MPLADS guidelines for drinking water & tube wells to improve citizen access and public amenity.,2024-05-08,2024-06-30,2024-07-17,2024-12-20,,IN_PROGRESS,661000.0,661000.0,307365.0,32.7,46.5,25.307776,82.94343,Gram Railway Crossing,Ward 15,Varanasi Block 5,Zila Parishad Engineering Wing,Registered Contractor V-136 Pvt Ltd,2026-06-26,False,False,False,False,True,OFFICIAL_ESAKSHI_DATA
MPLAD-UT-2024-0359,Rajnath Singh,Uttar Pradesh,Lucknow,LUCKNOW,"Construction of 2 Additional Classrooms in Govt Upper Primary School, Ambedkar Nagar",School Infrastructure & Classrooms,Standard infrastructure project under MPLADS guidelines for school infrastructure & classrooms to improve citizen access and public amenity.,2024-03-24,2024-04-23,2024-05-09,2024-11-03,,IN_PROGRESS,1426000.0,1426000.0,973958.0,52.5,68.3,26.880682,80.924589,Gram Shastri Colony,Ward 10,Lucknow Block 6,District Urban Development Agency (DUDA),Registered Contractor V-138 Pvt Ltd,2026-06-14,False,False,False,True,True,OFFICIAL_ESAKSHI_DATA
MPLAD-RA-2024-0360,Gajendra Singh Shekhawat,Rajasthan,Jodhpur,JODHPUR,"Modernization of School Boundary Wall and Playground, Ward 18",School Infrastructure & Classrooms,Standard infrastructure project under MPLADS guidelines for school infrastructure & classrooms to improve citizen access and public amenity.,2024-05-18,2024-06-11,2024-07-23,2025-01-29,2025-02-22,COMPLETED,2022000.0,2022000.0,1976024.57,100.0,100.0,26.252789,73.077308,Gram Ram Mandir,Ward 24,Jodhpur Block 1,Gram Panchayat Works Division,Registered Contractor V-117 Pvt Ltd,2025-01-23,True,True,True,True,True,OFFICIAL_ESAKSHI_DATA
MPLAD-MA-2024-0361,MURLIDHAR MOHOL,Maharashtra,Pune,PUNE,Development of Science Laboratory & Smart Classroom at Ambedkar Nagar,School Infrastructure & Classrooms,Standard infrastructure project under MPLADS guidelines for school infrastructure & classrooms to improve citizen access and public amenity.,2024-03-16,2024-04-20,2024-05-20,2024-09-10,,IN_PROGRESS,1972000.0,1972000.0,1469140.0,76.7,74.5,18.486013,73.848838,Gram Navodaya Vidyalaya,Ward 16,Pune Block 4,District Urban Development Agency (DUDA),Registered Contractor V-123 Pvt Ltd,2026-08-08,False,False,False,True,True,OFFICIAL_ESAKSHI_DATA
MPLAD-UT-2024-0362,Shri Narendra Modi,Uttar Pradesh,Varanasi,VARANASI,"Construction of Separate Girls Sanitation Facility at Govt High School, Railway Crossing",School Infrastructure & Classrooms,Standard infrastructure project under MPLADS guidelines for school infrastructure & classrooms to improve citizen access and public amenity.,2024-06-05,2024-07-17,2024-08-02,2025-01-21,2025-01-09,COMPLETED,1554000.0,1554000.0,1586485.79,100.0,100.0,25.283708,82.977588,Gram Govt Hospital,Ward 16,Varanasi Block 6,Public Works Department (PWD) Rural,Registered Contractor V-127 Pvt Ltd,2025-01-16,True,True,True,True,True,OFFICIAL_ESAKSHI_DATA
MPLAD-MA-2024-0363,Nitin Jairam Gadkari,Maharashtra,Nagpur,NAGPUR,"Construction of 2 Additional Classrooms in Govt Upper Primary School, Gandhi Park",School Infrastructure & Classrooms,Standard infrastructure project under MPLADS guidelines for school infrastructure & classrooms to improve citizen access and public amenity.,2024-02-16,2024-04-09,2024-05-21,2024-10-13,2024-10-22,COMPLETED,2160000.0,2160000.0,2170848.93,100.0,100.0,21.151417,79.055397,Gram Hanuman Chowk,Ward 30,Nagpur Block 5,Public Health Engineering Department (PHED),Registered Contractor V-134 Pvt Ltd,2024-09-27,True,True,True,True,True,OFFICIAL_ESAKSHI_DATA
MPLAD-KA-2024-0364,YADUVEER KRISHNADATTA CHAMARAJA WADIYAR,Karnataka,Mysuru,MYSORE,Development of Community Sanitary Complex with Septic Facility,Public Sanitation & Drainage,Standard infrastructure project under MPLADS guidelines for public sanitation & drainage to improve citizen access and public amenity.,2024-03-19,2024-04-25,2024-06-04,2024-09-14,2024-09-24,COMPLETED,617000.0,617000.0,644851.59,100.0,100.0,12.29317,76.643783,Gram Shivaji Nagar,Ward 22,Mysuru Block 5,District Urban Development Agency (DUDA),Registered Contractor V-143 Pvt Ltd,2024-08-25,True,True,True,True,True,OFFICIAL_ESAKSHI_DATA
MPLAD-MA-2024-0365,Nitin Jairam Gadkari,Maharashtra,Nagpur,NAGPUR,"Augmentation of Village Piped Drinking Water Scheme, Ward 7",Drinking Water & Tube Wells,Standard infrastructure project under MPLADS guidelines for drinking water & tube wells to improve citizen access and public amenity.,2024-01-12,2024-02-01,2024-03-13,2024-06-19,2024-07-07,COMPLETED,724000.0,724000.0,703152.05,100.0,100.0,21.188015,79.101639,Gram Bus Stand,Ward 24,Nagpur Block 3,District Urban Development Agency (DUDA),Registered Contractor V-171 Pvt Ltd,2024-06-14,True,True,True,True,True,OFFICIAL_ESAKSHI_DATA
MPLAD-KA-2024-0366,DR C N MANJUNATH,Karnataka,Bengaluru Rural,BANGALORE RURAL,"Construction of CC Road from Shivaji Nagar to Hanuman Chowk, Ward 8",Road Works,Standard infrastructure project under MPLADS guidelines for road works to improve citizen access and public amenity.,2024-02-02,2024-02-25,2024-04-10,2024-09-23,,IN_PROGRESS,1936000.0,1936000.0,1575904.0,75.1,81.4,13.238042,77.525909,Gram Navodaya Vidyalaya,Ward 20,Bengaluru Rural Block 2,Gram Panchayat Works Division,Registered Contractor V-180 Pvt Ltd,2026-07-21,False,True,False,True,True,OFFICIAL_ESAKSHI_DATA
MPLAD-UT-2024-0367,Shri Narendra Modi,Uttar Pradesh,Varanasi,VARANASI,Construction of Cement Concrete Lane in Ward No. 28,Road Works,Standard infrastructure project under MPLADS guidelines for road works to improve citizen access and public amenity.,2024-03-25,2024-05-13,2024-06-18,2025-01-13,2025-01-15,COMPLETED,1462000.0,1462000.0,1509166.21,100.0,100.0,25.274065,82.949648,Gram Govt Hospital,Ward 6,Varanasi Block 1,Public Works Department (PWD) Rural,Registered Contractor V-133 Pvt Ltd,2024-12-28,True,True,True,True,True,OFFICIAL_ESAKSHI_DATA
MPLAD-KA-2024-0368,DR C N MANJUNATH,Karnataka,Bengaluru Rural,BANGALORE RURAL,"Construction of Separate Girls Sanitation Facility at Govt High School, Main Chauraha",School Infrastructure & Classrooms,Standard infrastructure project under MPLADS guidelines for school infrastructure & classrooms to improve citizen access and public amenity.,2024-01-25,2024-03-01,2024-04-15,2024-10-26,2024-10-15,COMPLETED,1666000.0,1666000.0,1598616.18,100.0,100.0,13.255322,77.638685,Gram Panchayat Bhavan,Ward 21,Bengaluru Rural Block 4,Public Health Engineering Department (PHED),Registered Contractor V-143 Pvt Ltd,2024-10-10,True,True,True,True,True,OFFICIAL_ESAKSHI_DATA
MPLAD-RA-2024-0369,MANJU SHARMA,Rajasthan,Jaipur,JAIPUR,"Construction of Underground Drainage System at Kisan Mandi, Ward 17",Public Sanitation & Drainage,Standard infrastructure project under MPLADS guidelines for public sanitation & drainage to improve citizen access and public amenity.,2024-06-15,2024-07-11,2024-08-24,2025-01-17,,IN_PROGRESS,557000.0,557000.0,140364.0,31.2,25.2,26.883163,75.86238,Gram Main Chauraha,Ward 16,Jaipur Block 2,Public Health Engineering Department (PHED),Registered Contractor V-128 Pvt Ltd,2026-07-23,False,False,False,True,True,OFFICIAL_ESAKSHI_DATA
MPLAD-RA-2024-0370,MANJU SHARMA,Rajasthan,Jaipur,JAIPUR,"Construction of 2 Additional Classrooms in Govt Upper Primary School, Market Yard",School Infrastructure & Classrooms,Standard infrastructure project under MPLADS guidelines for school infrastructure & classrooms to improve citizen access and public amenity.,2024-07-07,2024-08-17,2024-09-29,2025-02-16,,IN_PROGRESS,1942000.0,1942000.0,1205982.0,55.9,62.1,26.923244,75.809482,Gram Gandhi Park,Ward 8,Jaipur Block 1,District Urban Development Agency (DUDA),Registered Contractor V-120 Pvt Ltd,2026-07-26,False,False,False,True,True,OFFICIAL_ESAKSHI_DATA
MPLAD-UT-2024-0371,Rajnath Singh,Uttar Pradesh,Lucknow,LUCKNOW,Construction of Cement Concrete Lane in Ward No. 6,Road Works,Standard infrastructure project under MPLADS guidelines for road works to improve citizen access and public amenity.,2024-09-05,2024-10-17,2024-11-11,2025-05-07,2025-06-01,COMPLETED,1608000.0,1608000.0,1625220.72,100.0,100.0,26.840215,80.941656,Gram Hanuman Chowk,Ward 27,Lucknow Block 4,Zila Parishad Engineering Wing,Registered Contractor V-169 Pvt Ltd,2025-05-04,True,True,True,True,True,OFFICIAL_ESAKSHI_DATA
MPLAD-KA-2024-0372,DR C N MANJUNATH,Karnataka,Bengaluru Rural,BANGALORE RURAL,Construction of Community RO Water Filtration Plant at Main Chauraha,Drinking Water & Tube Wells,Standard infrastructure project under MPLADS guidelines for drinking water & tube wells to improve citizen access and public amenity.,2024-04-17,2024-05-19,2024-06-12,2024-12-08,,IN_PROGRESS,774000.0,774000.0,263160.0,31.4,34.0,13.218855,77.521207,Gram Shivaji Nagar,Ward 7,Bengaluru Rural Block 2,Zila Parishad Engineering Wing,Registered Contractor V-106 Pvt Ltd,2026-07-26,False,False,False,True,True,OFFICIAL_ESAKSHI_DATA
MPLAD-RA-2024-0373,MANJU SHARMA,Rajasthan,Jaipur,JAIPUR,"Construction of CC Road from Ram Mandir to Primary Health Center, Ward 29",Road Works,Standard infrastructure project under MPLADS guidelines for road works to improve citizen access and public amenity.,2024-05-14,2024-06-27,2024-07-14,2025-01-21,,IN_PROGRESS,1660000.0,1660000.0,730400.0,43.5,44.0,26.963482,75.728314,Gram Primary Health Center,Ward 26,Jaipur Block 6,Zila Parishad Engineering Wing,Registered Contractor V-131 Pvt Ltd,2026-07-15,False,False,False,True,True,OFFICIAL_ESAKSHI_DATA
MPLAD-RA-2024-0374,Gajendra Singh Shekhawat,Rajasthan,Jodhpur,JODHPUR,Development of Approach Road connecting Shastri Colony Main Gate,Road Works,Standard infrastructure project under MPLADS guidelines for road works to improve citizen access and public amenity.,2024-05-06,2024-06-29,2024-07-18,2025-01-18,,IN_PROGRESS,1452000.0,1452000.0,1074480.0,80.5,74.0,26.238827,73.038809,Gram Main Chauraha,Ward 30,Jodhpur Block 5,Public Works Department (PWD) Rural,Registered Contractor V-167 Pvt Ltd,2026-08-06,False,False,False,True,True,OFFICIAL_ESAKSHI_DATA
MPLAD-RA-2024-0375,MANJU SHARMA,Rajasthan,Jaipur,JAIPUR,Installation of Solar Dual Pump Tube Well at Navodaya Vidyalaya,Drinking Water & Tube Wells,Standard infrastructure project under MPLADS guidelines for drinking water & tube wells to improve citizen access and public amenity.,2024-06-19,2024-07-12,2024-08-24,2024-12-31,,IN_PROGRESS,838000.0,838000.0,271512.0,30.8,32.4,26.862153,75.720341,Gram Railway Crossing,Ward 20,Jaipur Block 5,Gram Panchayat Works Division,Registered Contractor V-123 Pvt Ltd,2026-07-15,False,False,False,True,True,OFFICIAL_ESAKSHI_DATA
MPLAD-MA-2024-0376,MURLIDHAR MOHOL,Maharashtra,Pune,PUNE,Installation of Solar Dual Pump Tube Well at Primary Health Center,Drinking Water & Tube Wells,Standard infrastructure project under MPLADS guidelines for drinking water & tube wells to improve citizen access and public amenity.,2024-08-04,2024-09-18,2024-10-13,2025-01-26,,IN_PROGRESS,702000.0,702000.0,409968.0,47.3,58.4,18.559042,73.867294,Gram Govt Hospital,Ward 5,Pune Block 4,Public Health Engineering Department (PHED),Registered Contractor V-144 Pvt Ltd,2026-06-17,False,False,False,True,True,OFFICIAL_ESAKSHI_DATA
MPLAD-MA-2024-0377,Nitin Jairam Gadkari,Maharashtra,Nagpur,NAGPUR,"Construction of Underground Drainage System at Main Chauraha, Ward 2",Public Sanitation & Drainage,Standard infrastructure project under MPLADS guidelines for public sanitation & drainage to improve citizen access and public amenity.,2024-03-12,2024-05-08,2024-05-24,2024-09-08,2024-09-03,COMPLETED,564000.0,564000.0,555821.79,100.0,100.0,21.088993,79.107917,Gram Ram Mandir,Ward 1,Nagpur Block 2,Public Works Department (PWD) Rural,Registered Contractor V-157 Pvt Ltd,2024-08-25,True,True,True,True,True,OFFICIAL_ESAKSHI_DATA
MPLAD-RA-2024-0378,Gajendra Singh Shekhawat,Rajasthan,Jodhpur,JODHPUR,"Construction of Separate Girls Sanitation Facility at Govt High School, Ambedkar Nagar",School Infrastructure & Classrooms,Standard infrastructure project under MPLADS guidelines for school infrastructure & classrooms to improve citizen access and public amenity.,2024-03-02,2024-03-31,2024-05-05,2024-09-06,,IN_PROGRESS,1679000.0,1679000.0,936882.0,49.7,55.8,26.214005,73.025493,Gram Ambedkar Nagar,Ward 3,Jodhpur Block 6,Public Health Engineering Department (PHED),Registered Contractor V-117 Pvt Ltd,2026-07-22,False,False,False,True,True,OFFICIAL_ESAKSHI_DATA
MPLAD-KA-2024-0379,YADUVEER KRISHNADATTA CHAMARAJA WADIYAR,Karnataka,Mysuru,MYSORE,Development of Science Laboratory & Smart Classroom at Kisan Mandi,School Infrastructure & Classrooms,Standard infrastructure project under MPLADS guidelines for school infrastructure & classrooms to improve citizen access and public amenity.,2024-03-10,2024-04-11,2024-04-29,2024-10-03,,IN_PROGRESS,1923000.0,1923000.0,1259565.0,48.6,65.5,12.303983,76.584944,Gram Govt Hospital,Ward 2,Mysuru Block 2,Gram Panchayat Works Division,Registered Contractor V-172 Pvt Ltd,2026-05-27,False,False,False,True,True,OFFICIAL_ESAKSHI_DATA
MPLAD-RA-2024-0380,MANJU SHARMA,Rajasthan,Jaipur,JAIPUR,"Construction of 2 Additional Classrooms in Govt Upper Primary School, Ram Mandir",School Infrastructure & Classrooms,Standard infrastructure project under MPLADS guidelines for school infrastructure & classrooms to improve citizen access and public amenity.,2024-02-19,2024-03-12,2024-03-28,2024-09-16,,IN_PROGRESS,1933000.0,1933000.0,659153.0,37.6,34.1,26.941574,75.717519,Gram Main Chauraha,Ward 18,Jaipur Block 2,Public Health Engineering Department (PHED),Registered Contractor V-123 Pvt Ltd,2026-07-22,False,False,False,True,True,OFFICIAL_ESAKSHI_DATA
MPLAD-MA-2024-0381,MURLIDHAR MOHOL,Maharashtra,Pune,PUNE,"Construction of 2 Additional Classrooms in Govt Upper Primary School, Bus Stand",School Infrastructure & Classrooms,Standard infrastructure project under MPLADS guidelines for school infrastructure & classrooms to improve citizen access and public amenity.,2024-01-28,2024-03-03,2024-04-10,2024-09-03,,IN_PROGRESS,2221000.0,2221000.0,897284.0,44.6,40.4,18.563368,73.814363,Gram Primary Health Center,Ward 8,Pune Block 1,Zila Parishad Engineering Wing,Registered Contractor V-115 Pvt Ltd,2026-07-20,False,False,False,True,True,OFFICIAL_ESAKSHI_DATA
MPLAD-MA-2024-0382,Nitin Jairam Gadkari,Maharashtra,Nagpur,NAGPUR,Construction of Community RO Water Filtration Plant at Main Chauraha,Drinking Water & Tube Wells,Standard infrastructure project under MPLADS guidelines for drinking water & tube wells to improve citizen access and public amenity.,2024-01-28,2024-03-18,2024-04-20,2024-09-19,2024-09-13,COMPLETED,745000.0,745000.0,749641.11,100.0,100.0,21.160466,79.063525,Gram Panchayat Bhavan,Ward 13,Nagpur Block 3,Public Health Engineering Department (PHED),Registered Contractor V-129 Pvt Ltd,2024-09-04,True,True,True,True,True,OFFICIAL_ESAKSHI_DATA
MPLAD-MA-2024-0383,Nitin Jairam Gadkari,Maharashtra,Nagpur,NAGPUR,Sinking of Deep Borewell with Overhead Storage Tank near Railway Crossing,Drinking Water & Tube Wells,Standard infrastructure project under MPLADS guidelines for drinking water & tube wells to improve citizen access and public amenity.,2024-03-01,2024-04-11,2024-04-30,2024-08-02,,IN_PROGRESS,668000.0,668000.0,156980.0,28.6,23.5,21.111126,79.110229,Gram Kisan Mandi,Ward 11,Nagpur Block 2,District Urban Development Agency (DUDA),Registered Contractor V-135 Pvt Ltd,2026-07-14,False,False,False,True,True,OFFICIAL_ESAKSHI_DATA
MPLAD-KA-2024-0384,DR C N MANJUNATH,Karnataka,Bengaluru Rural,BANGALORE RURAL,Installation of Decentralized Solid Waste Management Unit at Ram Mandir,Public Sanitation & Drainage,Standard infrastructure project under MPLADS guidelines for public sanitation & drainage to improve citizen access and public amenity.,2024-05-30,2024-07-03,2024-07-20,2024-12-09,,IN_PROGRESS,626000.0,626000.0,392502.0,44.7,62.7,13.226845,77.630421,Gram Shivaji Nagar,Ward 28,Bengaluru Rural Block 2,Public Works Department (PWD) Rural,Registered Contractor V-174 Pvt Ltd,2026-05-31,False,False,False,False,True,OFFICIAL_ESAKSHI_DATA
MPLAD-MA-2024-0385,Nitin Jairam Gadkari,Maharashtra,Nagpur,NAGPUR,"Construction of 2 Additional Classrooms in Govt Upper Primary School, Shivaji Nagar",School Infrastructure & Classrooms,Standard infrastructure project under MPLADS guidelines for school infrastructure & classrooms to improve citizen access and public amenity.,2024-08-25,2024-10-21,2024-12-05,2025-03-24,,IN_PROGRESS,1731000.0,1731000.0,1215162.0,56.9,70.2,21.19179,79.045691,Gram Market Yard,Ward 17,Nagpur Block 4,Zila Parishad Engineering Wing,Registered Contractor V-129 Pvt Ltd,2026-06-28,False,False,False,True,True,OFFICIAL_ESAKSHI_DATA
MPLAD-UT-2024-0386,Shri Narendra Modi,Uttar Pradesh,Varanasi,VARANASI,"Construction of 2 Additional Classrooms in Govt Upper Primary School, Bus Stand",School Infrastructure & Classrooms,Standard infrastructure project under MPLADS guidelines for school infrastructure & classrooms to improve citizen access and public amenity.,2024-01-31,2024-03-26,2024-05-04,2024-08-03,,IN_PROGRESS,2023000.0,2023000.0,920465.0,49.4,45.5,25.26835,82.976455,Gram Ram Mandir,Ward 16,Varanasi Block 6,Public Health Engineering Department (PHED),Registered Contractor V-131 Pvt Ltd,2026-07-30,False,False,False,True,True,OFFICIAL_ESAKSHI_DATA
MPLAD-KA-2024-0387,DR C N MANJUNATH,Karnataka,Bengaluru Rural,BANGALORE RURAL,"Construction of 2 Additional Classrooms in Govt Upper Primary School, Shastri Colony",School Infrastructure & Classrooms,Standard infrastructure project under MPLADS guidelines for school infrastructure & classrooms to improve citizen access and public amenity.,2024-01-16,2024-03-05,2024-04-03,2024-10-08,2024-10-04,COMPLETED,1684000.0,1684000.0,1726987.54,100.0,100.0,13.226632,77.617947,Gram Navodaya Vidyalaya,Ward 21,Bengaluru Rural Block 1,Zila Parishad Engineering Wing,Registered Contractor V-175 Pvt Ltd,2024-09-24,True,True,True,True,True,OFFICIAL_ESAKSHI_DATA
MPLAD-UT-2024-0388,Rajnath Singh,Uttar Pradesh,Lucknow,LUCKNOW,"Construction of Underground Drainage System at Shivaji Nagar, Ward 22",Public Sanitation & Drainage,Standard infrastructure project under MPLADS guidelines for public sanitation & drainage to improve citizen access and public amenity.,2024-04-28,2024-06-04,2024-07-11,2024-12-26,,IN_PROGRESS,638000.0,638000.0,489346.0,72.7,76.7,26.854587,80.950874,Gram Gandhi Park,Ward 30,Lucknow Block 6,Gram Panchayat Works Division,Registered Contractor V-138 Pvt Ltd,2026-08-08,False,True,False,True,True,OFFICIAL_ESAKSHI_DATA
MPLAD-KA-2024-0389,DR C N MANJUNATH,Karnataka,Bengaluru Rural,BANGALORE RURAL,Upgradation and Tarring of Rural Link Road near Panchayat Bhavan,Road Works,Standard infrastructure project under MPLADS guidelines for road works to improve citizen access and public amenity.,2024-05-08,2024-07-06,2024-07-22,2024-12-05,,IN_PROGRESS,1449000.0,1449000.0,967932.0,63.9,66.8,13.248784,77.608485,Gram Gandhi Park,Ward 4,Bengaluru Rural Block 6,Public Health Engineering Department (PHED),Registered Contractor V-147 Pvt Ltd,2026-07-24,False,False,False,True,True,OFFICIAL_ESAKSHI_DATA
MPLAD-UT-2024-0390,Shri Narendra Modi,Uttar Pradesh,Varanasi,VARANASI,Installation of Solar Dual Pump Tube Well at Gandhi Park,Drinking Water & Tube Wells,Standard infrastructure project under MPLADS guidelines for drinking water & tube wells to improve citizen access and public amenity.,2024-08-26,2024-10-02,2024-11-02,2025-04-28,,IN_PROGRESS,796000.0,796000.0,210940.0,28.3,26.5,25.271007,82.909633,Gram Railway Crossing,Ward 23,Varanasi Block 5,District Urban Development Agency (DUDA),Registered Contractor V-146 Pvt Ltd,2026-07-27,False,False,False,True,True,OFFICIAL_ESAKSHI_DATA
MPLAD-KA-2024-0391,YADUVEER KRISHNADATTA CHAMARAJA WADIYAR,Karnataka,Mysuru,MYSORE,"Construction of Underground Drainage System at Panchayat Bhavan, Ward 7",Public Sanitation & Drainage,Standard infrastructure project under MPLADS guidelines for public sanitation & drainage to improve citizen access and public amenity.,2024-02-27,2024-04-16,2024-05-03,2024-08-11,,IN_PROGRESS,680000.0,680000.0,286280.0,35.7,42.1,12.257182,76.564049,Gram Shivaji Nagar,Ward 5,Mysuru Block 4,District Urban Development Agency (DUDA),Registered Contractor V-109 Pvt Ltd,2026-08-08,False,False,False,True,True,OFFICIAL_ESAKSHI_DATA
MPLAD-MA-2024-0392,MURLIDHAR MOHOL,Maharashtra,Pune,PUNE,"Construction of Underground Drainage System at Bus Stand, Ward 19",Public Sanitation & Drainage,Standard infrastructure project under MPLADS guidelines for public sanitation & drainage to improve citizen access and public amenity.,2024-04-25,2024-06-18,2024-08-01,2024-11-15,,IN_PROGRESS,715000.0,715000.0,382525.0,50.2,53.5,18.607655,73.856488,Gram Navodaya Vidyalaya,Ward 26,Pune Block 2,Gram Panchayat Works Division,Registered Contractor V-138 Pvt Ltd,2026-08-10,False,False,False,True,True,OFFICIAL_ESAKSHI_DATA
MPLAD-KA-2024-0393,YADUVEER KRISHNADATTA CHAMARAJA WADIYAR,Karnataka,Mysuru,MYSORE,Covered Drain Construction from Main Chowk to Main Chauraha,Public Sanitation & Drainage,Standard infrastructure project under MPLADS guidelines for public sanitation & drainage to improve citizen access and public amenity.,2024-05-13,2024-07-09,2024-08-14,2025-02-09,,IN_PROGRESS,722000.0,722000.0,413706.0,57.9,57.3,12.298664,76.635939,Gram Panchayat Bhavan,Ward 26,Mysuru Block 3,District Urban Development Agency (DUDA),Registered Contractor V-142 Pvt Ltd,2026-07-23,False,False,False,True,True,OFFICIAL_ESAKSHI_DATA
MPLAD-MA-2024-0394,Nitin Jairam Gadkari,Maharashtra,Nagpur,NAGPUR,"Development of Multipurpose Cultural Hall, Ward 12",Community Hall & Cultural Centers,Standard infrastructure project under MPLADS guidelines for community hall & cultural centers to improve citizen access and public amenity.,2024-02-16,2024-03-29,2024-04-22,2024-09-17,,IN_PROGRESS,2493000.0,2493000.0,1493307.0,48.6,59.9,21.13564,79.097559,Gram Panchayat Bhavan,Ward 8,Nagpur Block 1,District Urban Development Agency (DUDA),Registered Contractor V-107 Pvt Ltd,2026-05-27,False,False,False,False,True,OFFICIAL_ESAKSHI_DATA
MPLAD-RA-2024-0395,Gajendra Singh Shekhawat,Rajasthan,Jodhpur,JODHPUR,Development of Community Sanitary Complex with Septic Facility,Public Sanitation & Drainage,Standard infrastructure project under MPLADS guidelines for public sanitation & drainage to improve citizen access and public amenity.,2024-03-16,2024-04-28,2024-05-18,2024-09-11,,IN_PROGRESS,636000.0,636000.0,155820.0,27.1,24.5,26.215517,73.059021,Gram Gandhi Park,Ward 10,Jodhpur Block 1,Public Works Department (PWD) Rural,Registered Contractor V-157 Pvt Ltd,2026-07-30,False,False,False,True,True,OFFICIAL_ESAKSHI_DATA
MPLAD-RA-2024-0396,Gajendra Singh Shekhawat,Rajasthan,Jodhpur,JODHPUR,Development of Science Laboratory & Smart Classroom at Kisan Mandi,School Infrastructure & Classrooms,Standard infrastructure project under MPLADS guidelines for school infrastructure & classrooms to improve citizen access and public amenity.,2024-09-03,2024-10-13,2024-11-01,2025-01-30,,IN_PROGRESS,1651000.0,1651000.0,998855.0,46.4,60.5,26.212449,73.043078,Gram Kisan Mandi,Ward 19,Jodhpur Block 6,Public Works Department (PWD) Rural,Registered Contractor V-159 Pvt Ltd,2026-06-12,False,False,False,False,True,OFFICIAL_ESAKSHI_DATA
MPLAD-UT-2024-0397,Rajnath Singh,Uttar Pradesh,Lucknow,LUCKNOW,"Construction of CC Road from Hanuman Chowk to Primary Health Center, Ward 23",Road Works,Standard infrastructure project under MPLADS guidelines for road works to improve citizen access and public amenity.,2024-02-14,2024-04-09,2024-04-27,2024-09-03,2024-09-16,COMPLETED,1808000.0,1808000.0,1741560.46,100.0,100.0,26.847686,80.945881,Gram Ambedkar Nagar,Ward 21,Lucknow Block 2,Public Health Engineering Department (PHED),Registered Contractor V-106 Pvt Ltd,2024-08-25,True,True,True,True,True,OFFICIAL_ESAKSHI_DATA
MPLAD-MA-2024-0398,Nitin Jairam Gadkari,Maharashtra,Nagpur,NAGPUR,"Augmentation of Village Piped Drinking Water Scheme, Ward 33",Drinking Water & Tube Wells,Standard infrastructure project under MPLADS guidelines for drinking water & tube wells to improve citizen access and public amenity.,2024-05-26,2024-07-13,2024-08-18,2025-02-09,,IN_PROGRESS,723000.0,723000.0,524175.0,59.3,72.5,21.162414,79.174471,Gram Market Yard,Ward 5,Nagpur Block 6,Gram Panchayat Works Division,Registered Contractor V-111 Pvt Ltd,2026-05-30,False,False,False,False,True,OFFICIAL_ESAKSHI_DATA
MPLAD-UT-2024-0399,Rajnath Singh,Uttar Pradesh,Lucknow,LUCKNOW,"Construction of Separate Girls Sanitation Facility at Govt High School, Govt Hospital",School Infrastructure & Classrooms,Standard infrastructure project under MPLADS guidelines for school infrastructure & classrooms to improve citizen access and public amenity.,2024-03-22,2024-05-03,2024-05-29,2024-10-05,,IN_PROGRESS,1295000.0,1295000.0,866355.0,56.2,66.9,26.823936,80.964739,Gram Shivaji Nagar,Ward 29,Lucknow Block 4,District Urban Development Agency (DUDA),Registered Contractor V-102 Pvt Ltd,2026-06-02,False,False,False,False,True,OFFICIAL_ESAKSHI_DATA
MPLAD-MA-2024-0400,MURLIDHAR MOHOL,Maharashtra,Pune,PUNE,Construction of Community RO Water Filtration Plant at Market Yard,Drinking Water & Tube Wells,Standard infrastructure project under MPLADS guidelines for drinking water & tube wells to improve citizen access and public amenity.,2024-05-10,2024-07-02,2024-07-27,2024-11-02,,IN_PROGRESS,661000.0,661000.0,401227.0,47.7,60.7,18.522638,73.84369,Gram Shivaji Nagar,Ward 19,Pune Block 2,Public Works Department (PWD) Rural,Registered Contractor V-139 Pvt Ltd,2026-06-30,False,False,False,False,True,OFFICIAL_ESAKSHI_DATA
MPLAD-MA-2024-0401,MURLIDHAR MOHOL,Maharashtra,Pune,PUNE,"Construction of Separate Girls Sanitation Facility at Govt High School, Gandhi Park",School Infrastructure & Classrooms,Standard infrastructure project under MPLADS guidelines for school infrastructure & classrooms to improve citizen access and public amenity.,2024-05-14,2024-06-05,2024-07-16,2025-01-27,2025-01-31,COMPLETED,1450000.0,1450000.0,1450890.57,100.0,100.0,18.538172,73.85859,Gram Bus Stand,Ward 1,Pune Block 1,District Urban Development Agency (DUDA),Registered Contractor V-171 Pvt Ltd,2025-01-07,True,True,True,True,True,OFFICIAL_ESAKSHI_DATA
MPLAD-MA-2024-0402,Nitin Jairam Gadkari,Maharashtra,Nagpur,NAGPUR,Erection of Senior Citizen Pavilion at Railway Crossing Panchayat,Community Hall & Cultural Centers,Standard infrastructure project under MPLADS guidelines for community hall & cultural centers to improve citizen access and public amenity.,2024-06-25,2024-08-02,2024-08-30,2024-12-20,,IN_PROGRESS,2359000.0,2359000.0,1479093.0,66.3,62.7,21.123171,79.055323,Gram Ambedkar Nagar,Ward 16,Nagpur Block 5,Public Health Engineering Department (PHED),Registered Contractor V-116 Pvt Ltd,2026-08-07,False,False,False,True,True,OFFICIAL_ESAKSHI_DATA
MPLAD-UT-2024-0403,Rajnath Singh,Uttar Pradesh,Lucknow,LUCKNOW,Development of Science Laboratory & Smart Classroom at Primary Health Center,School Infrastructure & Classrooms,Standard infrastructure project under MPLADS guidelines for school infrastructure & classrooms to improve citizen access and public amenity.,2024-05-20,2024-07-15,2024-07-30,2025-02-13,2025-02-01,COMPLETED,2190000.0,2190000.0,2113793.44,100.0,100.0,26.804361,80.967198,Gram Primary Health Center,Ward 6,Lucknow Block 1,Gram Panchayat Works Division,Registered Contractor V-148 Pvt Ltd,2025-01-24,True,True,True,True,True,OFFICIAL_ESAKSHI_DATA
MPLAD-KA-2024-0404,YADUVEER KRISHNADATTA CHAMARAJA WADIYAR,Karnataka,Mysuru,MYSORE,"Modernization of School Boundary Wall and Playground, Ward 11",School Infrastructure & Classrooms,Standard infrastructure project under MPLADS guidelines for school infrastructure & classrooms to improve citizen access and public amenity.,2024-03-24,2024-05-01,2024-06-01,2024-11-19,,IN_PROGRESS,1836000.0,1836000.0,1129140.0,45.4,61.5,12.338457,76.615297,Gram Navodaya Vidyalaya,Ward 28,Mysuru Block 6,District Urban Development Agency (DUDA),Registered Contractor V-107 Pvt Ltd,2026-06-19,False,False,False,True,True,OFFICIAL_ESAKSHI_DATA
MPLAD-KA-2024-0405,YADUVEER KRISHNADATTA CHAMARAJA WADIYAR,Karnataka,Mysuru,MYSORE,Construction of B.R. Ambedkar Community Bhavan near Kisan Mandi,Community Hall & Cultural Centers,Standard infrastructure project under MPLADS guidelines for community hall & cultural centers to improve citizen access and public amenity.,2024-06-06,2024-07-18,2024-08-28,2024-12-14,2024-12-17,COMPLETED,2294000.0,2294000.0,2202479.91,100.0,100.0,12.276072,76.625017,Gram Primary Health Center,Ward 30,Mysuru Block 2,Gram Panchayat Works Division,Registered Contractor V-169 Pvt Ltd,2024-11-26,True,True,True,True,True,OFFICIAL_ESAKSHI_DATA
MPLAD-RA-2024-0406,MANJU SHARMA,Rajasthan,Jaipur,JAIPUR,Installation of Solar Dual Pump Tube Well at Shivaji Nagar,Drinking Water & Tube Wells,Standard infrastructure project under MPLADS guidelines for drinking water & tube wells to improve citizen access and public amenity.,2024-08-09,2024-09-10,2024-10-20,2025-05-12,,IN_PROGRESS,765000.0,765000.0,556155.0,66.4,72.7,26.887664,75.773714,Gram Market Yard,Ward 15,Jaipur Block 1,Zila Parishad Engineering Wing,Registered Contractor V-129 Pvt Ltd,2026-07-14,False,False,False,True,True,OFFICIAL_ESAKSHI_DATA
MPLAD-RA-2024-0407,MANJU SHARMA,Rajasthan,Jaipur,JAIPUR,"Construction of CC Road from Shivaji Nagar to Govt Hospital, Ward 12",Road Works,Standard infrastructure project under MPLADS guidelines for road works to improve citizen access and public amenity.,2024-03-29,2024-05-11,2024-05-30,2024-12-10,,IN_PROGRESS,1684000.0,1684000.0,1424664.0,84.3,84.6,26.91802,75.787407,Gram Shivaji Nagar,Ward 27,Jaipur Block 1,Public Health Engineering Department (PHED),Registered Contractor V-145 Pvt Ltd,2026-07-31,False,True,False,True,True,OFFICIAL_ESAKSHI_DATA
MPLAD-MA-2024-0408,MURLIDHAR MOHOL,Maharashtra,Pune,PUNE,Installation of Solar Dual Pump Tube Well at Kisan Mandi,Drinking Water & Tube Wells,Standard infrastructure project under MPLADS guidelines for drinking water & tube wells to improve citizen access and public amenity.,2024-02-11,2024-03-15,2024-04-03,2024-07-12,,IN_PROGRESS,616000.0,616000.0,402864.0,70.8,65.4,18.562073,73.889934,Gram Bus Stand,Ward 4,Pune Block 1,Public Works Department (PWD) Rural,Registered Contractor V-140 Pvt Ltd,2026-08-10,False,False,False,True,True,OFFICIAL_ESAKSHI_DATA
MPLAD-RA-2024-0409,Gajendra Singh Shekhawat,Rajasthan,Jodhpur,JODHPUR,Construction of Cement Concrete Lane in Ward No. 13,Road Works,Standard infrastructure project under MPLADS guidelines for road works to improve citizen access and public amenity.,2024-01-26,2024-03-05,2024-04-10,2024-07-10,,IN_PROGRESS,1338000.0,1338000.0,1040964.0,71.9,77.8,26.149513,73.057001,Gram Ram Mandir,Ward 3,Jodhpur Block 2,District Urban Development Agency (DUDA),Registered Contractor V-106 Pvt Ltd,2026-08-04,False,True,False,True,True,OFFICIAL_ESAKSHI_DATA
MPLAD-KA-2024-0410,YADUVEER KRISHNADATTA CHAMARAJA WADIYAR,Karnataka,Mysuru,MYSORE,"Development of Multipurpose Cultural Hall, Ward 34",Community Hall & Cultural Centers,Standard infrastructure project under MPLADS guidelines for community hall & cultural centers to improve citizen access and public amenity.,2024-07-27,2024-09-24,2024-10-16,2025-03-19,,IN_PROGRESS,1881000.0,1881000.0,601920.0,30.9,32.0,12.287933,76.598446,Gram Govt Hospital,Ward 6,Mysuru Block 5,Public Works Department (PWD) Rural,Registered Contractor V-165 Pvt Ltd,2026-08-10,False,False,False,True,True,OFFICIAL_ESAKSHI_DATA
MPLAD-RA-2024-0411,MANJU SHARMA,Rajasthan,Jaipur,JAIPUR,Sinking of Deep Borewell with Overhead Storage Tank near Bus Stand,Drinking Water & Tube Wells,Standard infrastructure project under MPLADS guidelines for drinking water & tube wells to improve citizen access and public amenity.,2024-04-12,2024-06-08,2024-06-28,2024-11-21,,IN_PROGRESS,698000.0,698000.0,251978.0,31.4,36.1,26.931351,75.81387,Gram Market Yard,Ward 4,Jaipur Block 3,Zila Parishad Engineering Wing,Registered Contractor V-161 Pvt Ltd,2026-07-29,False,False,False,True,True,OFFICIAL_ESAKSHI_DATA
MPLAD-RA-2024-0412,Gajendra Singh Shekhawat,Rajasthan,Jodhpur,JODHPUR,Laying of Interlocking Tile Road at Govt Hospital Sector 25,Road Works,Standard infrastructure project under MPLADS guidelines for road works to improve citizen access and public amenity.,2024-05-15,2024-06-27,2024-08-03,2024-12-07,,IN_PROGRESS,1675000.0,1675000.0,418750.0,27.4,25.0,26.148214,73.005181,Gram Shivaji Nagar,Ward 10,Jodhpur Block 6,Zila Parishad Engineering Wing,Registered Contractor V-118 Pvt Ltd,2026-08-07,False,False,False,True,True,OFFICIAL_ESAKSHI_DATA
MPLAD-UT-2024-0413,Shri Narendra Modi,Uttar Pradesh,Varanasi,VARANASI,Installation of Decentralized Solid Waste Management Unit at Panchayat Bhavan,Public Sanitation & Drainage,Standard infrastructure project under MPLADS guidelines for public sanitation & drainage to improve citizen access and public amenity.,2024-08-15,2024-10-01,2024-10-22,2025-05-09,2025-06-06,COMPLETED,649000.0,649000.0,623671.88,100.0,100.0,25.265838,82.980318,Gram Shastri Colony,Ward 4,Varanasi Block 4,Public Health Engineering Department (PHED),Registered Contractor V-138 Pvt Ltd,2025-04-22,True,True,True,True,True,OFFICIAL_ESAKSHI_DATA
MPLAD-UT-2024-0414,Shri Narendra Modi,Uttar Pradesh,Varanasi,VARANASI,Development of Approach Road connecting Ambedkar Nagar Main Gate,Road Works,Standard infrastructure project under MPLADS guidelines for road works to improve citizen access and public amenity.,2024-04-21,2024-06-17,2024-07-05,2025-01-05,,IN_PROGRESS,1996000.0,1996000.0,1393208.0,59.3,69.8,25.337875,82.905294,Gram Hanuman Chowk,Ward 8,Varanasi Block 4,Public Works Department (PWD) Rural,Registered Contractor V-151 Pvt Ltd,2026-06-18,False,False,False,False,True,OFFICIAL_ESAKSHI_DATA
MPLAD-UT-2024-0415,Rajnath Singh,Uttar Pradesh,Lucknow,LUCKNOW,Installation of Decentralized Solid Waste Management Unit at Panchayat Bhavan,Public Sanitation & Drainage,Standard infrastructure project under MPLADS guidelines for public sanitation & drainage to improve citizen access and public amenity.,2024-07-21,2024-09-04,2024-09-30,2025-02-27,,IN_PROGRESS,741000.0,741000.0,658008.0,82.0,88.8,26.804943,80.944797,Gram Hanuman Chowk,Ward 4,Lucknow Block 3,Zila Parishad Engineering Wing,Registered Contractor V-135 Pvt Ltd,2026-07-25,False,True,False,True,True,OFFICIAL_ESAKSHI_DATA
MPLAD-UT-2024-0416,Rajnath Singh,Uttar Pradesh,Lucknow,LUCKNOW,Installation of Solar Dual Pump Tube Well at Panchayat Bhavan,Drinking Water & Tube Wells,Standard infrastructure project under MPLADS guidelines for drinking water & tube wells to improve citizen access and public amenity.,2024-02-04,2024-02-27,2024-04-08,2024-07-15,,IN_PROGRESS,710000.0,710000.0,156910.0,26.6,22.1,26.816498,80.865606,Gram Kisan Mandi,Ward 3,Lucknow Block 6,Public Works Department (PWD) Rural,Registered Contractor V-104 Pvt Ltd,2026-07-22,False,False,False,True,True,OFFICIAL_ESAKSHI_DATA
MPLAD-UT-2024-0417,Rajnath Singh,Uttar Pradesh,Lucknow,LUCKNOW,Construction of Community RO Water Filtration Plant at Kisan Mandi,Drinking Water & Tube Wells,Standard infrastructure project under MPLADS guidelines for drinking water & tube wells to improve citizen access and public amenity.,2024-05-14,2024-07-05,2024-07-28,2025-01-03,2025-01-22,COMPLETED,776000.0,776000.0,811333.97,100.0,100.0,26.816081,80.866527,Gram Main Chauraha,Ward 30,Lucknow Block 1,District Urban Development Agency (DUDA),Registered Contractor V-164 Pvt Ltd,2024-12-15,True,True,True,True,True,OFFICIAL_ESAKSHI_DATA
MPLAD-UT-2024-0418,Rajnath Singh,Uttar Pradesh,Lucknow,LUCKNOW,"Development of Multipurpose Cultural Hall, Ward 11",Community Hall & Cultural Centers,Standard infrastructure project under MPLADS guidelines for community hall & cultural centers to improve citizen access and public amenity.,2024-05-06,2024-05-28,2024-06-13,2024-10-03,,IN_PROGRESS,2699000.0,2699000.0,1991862.0,76.6,73.8,26.853948,80.922782,Gram Govt Hospital,Ward 23,Lucknow Block 4,Public Health Engineering Department (PHED),Registered Contractor V-157 Pvt Ltd,2026-07-19,False,False,False,True,True,OFFICIAL_ESAKSHI_DATA
MPLAD-UT-2024-0419,Shri Narendra Modi,Uttar Pradesh,Varanasi,VARANASI,Installation of Decentralized Solid Waste Management Unit at Railway Crossing,Public Sanitation & Drainage,Standard infrastructure project under MPLADS guidelines for public sanitation & drainage to improve citizen access and public amenity.,2024-07-03,2024-08-26,2024-09-28,2025-02-25,,IN_PROGRESS,703000.0,703000.0,537092.0,76.3,76.4,25.296403,83.03781,Gram Ambedkar Nagar,Ward 22,Varanasi Block 3,Public Health Engineering Department (PHED),Registered Contractor V-171 Pvt Ltd,2026-07-29,False,True,False,True,True,OFFICIAL_ESAKSHI_DATA
MPLAD-KA-2024-0420,YADUVEER KRISHNADATTA CHAMARAJA WADIYAR,Karnataka,Mysuru,MYSORE,Development of Approach Road connecting Market Yard Main Gate,Road Works,Standard infrastructure project under MPLADS guidelines for road works to improve citizen access and public amenity.,2024-01-21,2024-02-18,2024-03-30,2024-08-13,2024-07-30,COMPLETED,1484000.0,1484000.0,1507648.12,100.0,100.0,12.278723,76.714906,Gram Primary Health Center,Ward 12,Mysuru Block 4,Gram Panchayat Works Division,Registered Contractor V-176 Pvt Ltd,2024-07-24,True,True,True,True,True,OFFICIAL_ESAKSHI_DATA
MPLAD-KA-2024-0421,DR C N MANJUNATH,Karnataka,Bengaluru Rural,BANGALORE RURAL,Installation of Solar Dual Pump Tube Well at Gandhi Park,Drinking Water & Tube Wells,Standard infrastructure project under MPLADS guidelines for drinking water & tube wells to improve citizen access and public amenity.,2024-06-23,2024-08-01,2024-09-03,2024-12-12,,IN_PROGRESS,692000.0,692000.0,307248.0,32.0,44.4,13.233679,77.602982,Gram Railway Crossing,Ward 22,Bengaluru Rural Block 4,Public Works Department (PWD) Rural,Registered Contractor V-131 Pvt Ltd,2026-06-09,False,False,False,True,True,OFFICIAL_ESAKSHI_DATA
MPLAD-UT-2024-0422,Rajnath Singh,Uttar Pradesh,Lucknow,LUCKNOW,Laying of Interlocking Tile Road at Primary Health Center Sector 14,Road Works,Standard infrastructure project under MPLADS guidelines for road works to improve citizen access and public amenity.,2024-01-15,2024-02-24,2024-03-22,2024-09-01,,IN_PROGRESS,1612000.0,1612000.0,1026844.0,59.4,63.7,26.852594,80.904505,Gram Kisan Mandi,Ward 25,Lucknow Block 6,Public Health Engineering Department (PHED),Registered Contractor V-176 Pvt Ltd,2026-08-07,False,False,False,True,True,OFFICIAL_ESAKSHI_DATA
MPLAD-KA-2024-0423,DR C N MANJUNATH,Karnataka,Bengaluru Rural,BANGALORE RURAL,Covered Drain Construction from Main Chowk to Govt Hospital,Public Sanitation & Drainage,Standard infrastructure project under MPLADS guidelines for public sanitation & drainage to improve citizen access and public amenity.,2024-04-30,2024-06-01,2024-07-01,2024-12-19,,IN_PROGRESS,632000.0,632000.0,486640.0,72.2,77.0,13.227103,77.635275,Gram Ambedkar Nagar,Ward 13,Bengaluru Rural Block 2,District Urban Development Agency (DUDA),Registered Contractor V-147 Pvt Ltd,2026-07-24,False,True,False,True,True,OFFICIAL_ESAKSHI_DATA
MPLAD-RA-2024-0424,MANJU SHARMA,Rajasthan,Jaipur,JAIPUR,Covered Drain Construction from Main Chowk to Gandhi Park,Public Sanitation & Drainage,Standard infrastructure project under MPLADS guidelines for public sanitation & drainage to improve citizen access and public amenity.,2024-01-27,2024-03-23,2024-05-02,2024-10-06,,IN_PROGRESS,615000.0,615000.0,256455.0,37.6,41.7,26.915551,75.795594,Gram Market Yard,Ward 22,Jaipur Block 5,District Urban Development Agency (DUDA),Registered Contractor V-135 Pvt Ltd,2026-07-21,False,False,False,True,True,OFFICIAL_ESAKSHI_DATA
MPLAD-KA-2024-0425,DR C N MANJUNATH,Karnataka,Bengaluru Rural,BANGALORE RURAL,"Construction of Separate Girls Sanitation Facility at Govt High School, Navodaya Vidyalaya",School Infrastructure & Classrooms,Standard infrastructure project under MPLADS guidelines for school infrastructure & classrooms to improve citizen access and public amenity.,2024-06-17,2024-08-08,2024-09-06,2025-02-28,,IN_PROGRESS,1632000.0,1632000.0,474912.0,35.8,29.1,13.195913,77.620458,Gram Bus Stand,Ward 22,Bengaluru Rural Block 6,Public Health Engineering Department (PHED),Registered Contractor V-133 Pvt Ltd,2026-07-19,False,False,False,True,True,OFFICIAL_ESAKSHI_DATA
MPLAD-UT-2024-0426,Rajnath Singh,Uttar Pradesh,Lucknow,LUCKNOW,Development of Community Sanitary Complex with Septic Facility,Public Sanitation & Drainage,Standard infrastructure project under MPLADS guidelines for public sanitation & drainage to improve citizen access and public amenity.,2024-09-05,2024-10-31,2024-12-08,2025-05-27,2025-06-04,COMPLETED,740000.0,740000.0,716704.47,100.0,100.0,26.800223,80.970009,Gram Shivaji Nagar,Ward 22,Lucknow Block 3,Zila Parishad Engineering Wing,Registered Contractor V-156 Pvt Ltd,2025-05-19,True,True,True,True,True,OFFICIAL_ESAKSHI_DATA
MPLAD-UT-2024-0427,Rajnath Singh,Uttar Pradesh,Lucknow,LUCKNOW,Construction of Community Welfare Center at Market Yard,Community Hall & Cultural Centers,Standard infrastructure project under MPLADS guidelines for community hall & cultural centers to improve citizen access and public amenity.,2024-08-13,2024-09-28,2024-10-21,2025-05-04,2025-05-05,COMPLETED,2687000.0,2687000.0,2720497.1,100.0,100.0,26.8882,80.971363,Gram Panchayat Bhavan,Ward 7,Lucknow Block 1,Gram Panchayat Works Division,Registered Contractor V-127 Pvt Ltd,2025-04-27,True,True,True,True,True,OFFICIAL_ESAKSHI_DATA
MPLAD-MA-2024-0428,Nitin Jairam Gadkari,Maharashtra,Nagpur,NAGPUR,"Modernization of School Boundary Wall and Playground, Ward 9",School Infrastructure & Classrooms,Standard infrastructure project under MPLADS guidelines for school infrastructure & classrooms to improve citizen access and public amenity.,2024-04-30,2024-06-16,2024-07-21,2025-02-11,2025-02-13,COMPLETED,1738000.0,1738000.0,1672196.96,100.0,100.0,21.119312,79.044359,Gram Shastri Colony,Ward 18,Nagpur Block 2,Public Health Engineering Department (PHED),Registered Contractor V-172 Pvt Ltd,2025-02-04,True,True,True,True,True,OFFICIAL_ESAKSHI_DATA
MPLAD-RA-2024-0429,Gajendra Singh Shekhawat,Rajasthan,Jodhpur,JODHPUR,Upgradation and Tarring of Rural Link Road near Market Yard,Road Works,Standard infrastructure project under MPLADS guidelines for road works to improve citizen access and public amenity.,2024-03-30,2024-05-27,2024-06-20,2025-01-06,2025-01-14,COMPLETED,1688000.0,1688000.0,1610681.37,100.0,100.0,26.285387,73.043768,Gram Bus Stand,Ward 4,Jodhpur Block 5,Gram Panchayat Works Division,Registered Contractor V-111 Pvt Ltd,2024-12-22,True,True,True,True,True,OFFICIAL_ESAKSHI_DATA
MPLAD-RA-2024-0430,Gajendra Singh Shekhawat,Rajasthan,Jodhpur,JODHPUR,Development of Science Laboratory & Smart Classroom at Main Chauraha,School Infrastructure & Classrooms,Standard infrastructure project under MPLADS guidelines for school infrastructure & classrooms to improve citizen access and public amenity.,2024-06-11,2024-07-08,2024-08-16,2025-02-25,2025-03-06,COMPLETED,2249000.0,2249000.0,2304791.66,100.0,100.0,26.314675,73.075247,Gram Panchayat Bhavan,Ward 4,Jodhpur Block 2,Gram Panchayat Works Division,Registered Contractor V-131 Pvt Ltd,2025-02-05,True,True,True,True,True,OFFICIAL_ESAKSHI_DATA
MPLAD-MA-2024-0431,Nitin Jairam Gadkari,Maharashtra,Nagpur,NAGPUR,Development of Science Laboratory & Smart Classroom at Railway Crossing,School Infrastructure & Classrooms,Standard infrastructure project under MPLADS guidelines for school infrastructure & classrooms to improve citizen access and public amenity.,2024-08-17,2024-10-13,2024-10-29,2025-03-30,,IN_PROGRESS,1769000.0,1769000.0,1089704.0,67.0,61.6,21.16464,79.125738,Gram Govt Hospital,Ward 29,Nagpur Block 2,Public Health Engineering Department (PHED),Registered Contractor V-133 Pvt Ltd,2026-07-24,False,False,False,True,True,OFFICIAL_ESAKSHI_DATA
MPLAD-KA-2024-0432,YADUVEER KRISHNADATTA CHAMARAJA WADIYAR,Karnataka,Mysuru,MYSORE,Construction of B.R. Ambedkar Community Bhavan near Govt Hospital,Community Hall & Cultural Centers,Standard infrastructure project under MPLADS guidelines for community hall & cultural centers to improve citizen access and public amenity.,2024-06-23,2024-08-20,2024-09-05,2025-03-21,,IN_PROGRESS,1834000.0,1834000.0,1223278.0,72.9,66.7,12.266428,76.602832,Gram Govt Hospital,Ward 21,Mysuru Block 6,District Urban Development Agency (DUDA),Registered Contractor V-103 Pvt Ltd,2026-07-12,False,False,False,True,True,OFFICIAL_ESAKSHI_DATA
MPLAD-KA-2024-0433,DR C N MANJUNATH,Karnataka,Bengaluru Rural,BANGALORE RURAL,Development of Community Sanitary Complex with Septic Facility,Public Sanitation & Drainage,Standard infrastructure project under MPLADS guidelines for public sanitation & drainage to improve citizen access and public amenity.,2024-04-18,2024-05-08,2024-06-21,2024-11-08,,IN_PROGRESS,633000.0,633000.0,442467.0,57.5,69.9,13.295967,77.536388,Gram Main Chauraha,Ward 15,Bengaluru Rural Block 6,Public Works Department (PWD) Rural,Registered Contractor V-157 Pvt Ltd,2026-06-15,False,False,False,False,True,OFFICIAL_ESAKSHI_DATA
MPLAD-KA-2024-0434,YADUVEER KRISHNADATTA CHAMARAJA WADIYAR,Karnataka,Mysuru,MYSORE,Construction of Cement Concrete Lane in Ward No. 7,Road Works,Standard infrastructure project under MPLADS guidelines for road works to improve citizen access and public amenity.,2024-08-07,2024-09-27,2024-10-27,2025-04-29,,IN_PROGRESS,1757000.0,1757000.0,1379245.0,75.5,78.5,12.286112,76.650159,Gram Gandhi Park,Ward 3,Mysuru Block 3,District Urban Development Agency (DUDA),Registered Contractor V-111 Pvt Ltd,2026-07-13,False,True,False,True,True,OFFICIAL_ESAKSHI_DATA
MPLAD-UT-2024-0435,Rajnath Singh,Uttar Pradesh,Lucknow,LUCKNOW,"Construction of 2 Additional Classrooms in Govt Upper Primary School, Primary Health Center",School Infrastructure & Classrooms,Standard infrastructure project under MPLADS guidelines for school infrastructure & classrooms to improve citizen access and public amenity.,2024-06-22,2024-07-23,2024-08-27,2025-01-20,,IN_PROGRESS,1813000.0,1813000.0,576534.0,33.2,31.8,26.876817,80.925792,Gram Hanuman Chowk,Ward 6,Lucknow Block 2,Gram Panchayat Works Division,Registered Contractor V-107 Pvt Ltd,2026-07-21,False,False,False,True,True,OFFICIAL_ESAKSHI_DATA
MPLAD-MA-2024-0436,Nitin Jairam Gadkari,Maharashtra,Nagpur,NAGPUR,"Development of Multipurpose Cultural Hall, Ward 6",Community Hall & Cultural Centers,Standard infrastructure project under MPLADS guidelines for community hall & cultural centers to improve citizen access and public amenity.,2024-08-20,2024-09-17,2024-10-10,2025-01-30,,IN_PROGRESS,2863000.0,2863000.0,2256044.0,74.6,78.8,21.15569,79.079496,Gram Market Yard,Ward 29,Nagpur Block 4,Public Health Engineering Department (PHED),Registered Contractor V-162 Pvt Ltd,2026-08-04,False,True,False,True,True,OFFICIAL_ESAKSHI_DATA
MPLAD-MA-2024-0437,MURLIDHAR MOHOL,Maharashtra,Pune,PUNE,Laying of Interlocking Tile Road at Ambedkar Nagar Sector 26,Road Works,Standard infrastructure project under MPLADS guidelines for road works to improve citizen access and public amenity.,2024-06-18,2024-07-22,2024-09-04,2024-12-14,,IN_PROGRESS,1727000.0,1727000.0,889405.0,35.9,51.5,18.537584,73.882421,Gram Govt Hospital,Ward 5,Pune Block 1,Zila Parishad Engineering Wing,Registered Contractor V-179 Pvt Ltd,2026-06-20,False,False,False,True,True,OFFICIAL_ESAKSHI_DATA
MPLAD-KA-2024-0438,DR C N MANJUNATH,Karnataka,Bengaluru Rural,BANGALORE RURAL,Covered Drain Construction from Main Chowk to Bus Stand,Public Sanitation & Drainage,Standard infrastructure project under MPLADS guidelines for public sanitation & drainage to improve citizen access and public amenity.,2024-07-11,2024-09-02,2024-09-30,2025-04-06,,IN_PROGRESS,549000.0,549000.0,323910.0,43.6,59.0,13.265072,77.581336,Gram Govt Hospital,Ward 24,Bengaluru Rural Block 4,Gram Panchayat Works Division,Registered Contractor V-102 Pvt Ltd,2026-06-23,False,False,False,True,True,OFFICIAL_ESAKSHI_DATA
MPLAD-UT-2024-0439,Shri Narendra Modi,Uttar Pradesh,Varanasi,VARANASI,"Modernization of School Boundary Wall and Playground, Ward 10",School Infrastructure & Classrooms,Standard infrastructure project under MPLADS guidelines for school infrastructure & classrooms to improve citizen access and public amenity.,2024-03-05,2024-04-12,2024-05-20,2024-11-12,2024-11-23,COMPLETED,1733000.0,1733000.0,1734014.27,100.0,100.0,25.331589,82.951103,Gram Bus Stand,Ward 20,Varanasi Block 4,Public Works Department (PWD) Rural,Registered Contractor V-177 Pvt Ltd,2024-11-05,True,True,True,True,True,OFFICIAL_ESAKSHI_DATA
MPLAD-MA-2024-0440,Nitin Jairam Gadkari,Maharashtra,Nagpur,NAGPUR,Installation of Decentralized Solid Waste Management Unit at Shivaji Nagar,Public Sanitation & Drainage,Standard infrastructure project under MPLADS guidelines for public sanitation & drainage to improve citizen access and public amenity.,2024-01-12,2024-03-02,2024-03-21,2024-10-08,2024-11-05,COMPLETED,706000.0,706000.0,708981.95,100.0,100.0,21.166323,79.105506,Gram Shivaji Nagar,Ward 20,Nagpur Block 3,Public Health Engineering Department (PHED),Registered Contractor V-111 Pvt Ltd,2024-09-24,True,True,True,True,True,OFFICIAL_ESAKSHI_DATA
MPLAD-RA-2024-0441,MANJU SHARMA,Rajasthan,Jaipur,JAIPUR,Installation of Decentralized Solid Waste Management Unit at Ram Mandir,Public Sanitation & Drainage,Standard infrastructure project under MPLADS guidelines for public sanitation & drainage to improve citizen access and public amenity.,2024-04-04,2024-05-09,2024-06-08,2024-12-31,,IN_PROGRESS,694000.0,694000.0,442772.0,61.4,63.8,26.920826,75.878359,Gram Govt Hospital,Ward 13,Jaipur Block 6,Gram Panchayat Works Division,Registered Contractor V-107 Pvt Ltd,2026-07-16,False,False,False,True,True,OFFICIAL_ESAKSHI_DATA
MPLAD-KA-2024-0442,DR C N MANJUNATH,Karnataka,Bengaluru Rural,BANGALORE RURAL,Installation of Decentralized Solid Waste Management Unit at Shivaji Nagar,Public Sanitation & Drainage,Standard infrastructure project under MPLADS guidelines for public sanitation & drainage to improve citizen access and public amenity.,2024-02-24,2024-03-31,2024-04-20,2024-09-21,,IN_PROGRESS,680000.0,680000.0,306000.0,45.4,45.0,13.162373,77.601367,Gram Panchayat Bhavan,Ward 9,Bengaluru Rural Block 1,Gram Panchayat Works Division,Registered Contractor V-175 Pvt Ltd,2026-08-08,False,False,False,True,True,OFFICIAL_ESAKSHI_DATA
MPLAD-KA-2024-0443,DR C N MANJUNATH,Karnataka,Bengaluru Rural,BANGALORE RURAL,Construction of Community RO Water Filtration Plant at Gandhi Park,Drinking Water & Tube Wells,Standard infrastructure project under MPLADS guidelines for drinking water & tube wells to improve citizen access and public amenity.,2024-07-19,2024-08-31,2024-10-14,2025-03-08,2025-04-01,COMPLETED,738000.0,738000.0,701788.67,100.0,100.0,13.269141,77.598561,Gram Main Chauraha,Ward 6,Bengaluru Rural Block 3,Public Health Engineering Department (PHED),Registered Contractor V-136 Pvt Ltd,2025-02-26,True,True,True,True,True,OFFICIAL_ESAKSHI_DATA
MPLAD-UT-2024-0444,Shri Narendra Modi,Uttar Pradesh,Varanasi,VARANASI,Installation of Decentralized Solid Waste Management Unit at Shivaji Nagar,Public Sanitation & Drainage,Standard infrastructure project under MPLADS guidelines for public sanitation & drainage to improve citizen access and public amenity.,2024-02-27,2024-03-27,2024-04-12,2024-08-09,2024-08-10,COMPLETED,578000.0,578000.0,606426.62,100.0,100.0,25.27475,83.002896,Gram Hanuman Chowk,Ward 29,Varanasi Block 4,Public Health Engineering Department (PHED),Registered Contractor V-107 Pvt Ltd,2024-07-23,True,True,True,True,True,OFFICIAL_ESAKSHI_DATA
MPLAD-RA-2024-0445,Gajendra Singh Shekhawat,Rajasthan,Jodhpur,JODHPUR,"Development of Multipurpose Cultural Hall, Ward 19",Community Hall & Cultural Centers,Standard infrastructure project under MPLADS guidelines for community hall & cultural centers to improve citizen access and public amenity.,2024-05-06,2024-06-26,2024-07-14,2025-01-28,,IN_PROGRESS,2233000.0,2233000.0,710094.0,33.9,31.8,26.231584,72.994532,Gram Shivaji Nagar,Ward 17,Jodhpur Block 3,Zila Parishad Engineering Wing,Registered Contractor V-163 Pvt Ltd,2026-08-04,False,False,False,True,True,OFFICIAL_ESAKSHI_DATA
MPLAD-MA-2024-0446,MURLIDHAR MOHOL,Maharashtra,Pune,PUNE,"Construction of Underground Drainage System at Market Yard, Ward 8",Public Sanitation & Drainage,Standard infrastructure project under MPLADS guidelines for public sanitation & drainage to improve citizen access and public amenity.,2024-04-25,2024-05-19,2024-06-10,2024-12-15,,IN_PROGRESS,681000.0,681000.0,192723.0,30.7,28.3,18.541,73.915147,Gram Navodaya Vidyalaya,Ward 11,Pune Block 2,Zila Parishad Engineering Wing,Registered Contractor V-124 Pvt Ltd,2026-08-01,False,False,False,True,True,OFFICIAL_ESAKSHI_DATA
MPLAD-RA-2024-0447,MANJU SHARMA,Rajasthan,Jaipur,JAIPUR,Development of Science Laboratory & Smart Classroom at Primary Health Center,School Infrastructure & Classrooms,Standard infrastructure project under MPLADS guidelines for school infrastructure & classrooms to improve citizen access and public amenity.,2024-06-18,2024-07-25,2024-08-28,2025-02-18,2025-03-16,COMPLETED,2116000.0,2116000.0,2127474.33,100.0,100.0,26.870544,75.802861,Gram Bus Stand,Ward 28,Jaipur Block 1,Public Health Engineering Department (PHED),Registered Contractor V-159 Pvt Ltd,2025-02-15,True,True,True,True,True,OFFICIAL_ESAKSHI_DATA
MPLAD-KA-2024-0448,YADUVEER KRISHNADATTA CHAMARAJA WADIYAR,Karnataka,Mysuru,MYSORE,Upgradation and Tarring of Rural Link Road near Ram Mandir,Road Works,Standard infrastructure project under MPLADS guidelines for road works to improve citizen access and public amenity.,2024-06-12,2024-07-26,2024-08-12,2024-12-31,2025-01-10,COMPLETED,1388000.0,1388000.0,1339265.66,100.0,100.0,12.274458,76.588655,Gram Panchayat Bhavan,Ward 13,Mysuru Block 4,Gram Panchayat Works Division,Registered Contractor V-171 Pvt Ltd,2024-12-22,True,True,True,True,True,OFFICIAL_ESAKSHI_DATA
MPLAD-KA-2024-0449,DR C N MANJUNATH,Karnataka,Bengaluru Rural,BANGALORE RURAL,Development of Approach Road connecting Gandhi Park Main Gate,Road Works,Standard infrastructure project under MPLADS guidelines for road works to improve citizen access and public amenity.,2024-08-02,2024-09-18,2024-10-26,2025-05-07,,IN_PROGRESS,1932000.0,1932000.0,1389108.0,57.1,71.9,13.249283,77.561951,Gram Railway Crossing,Ward 29,Bengaluru Rural Block 4,District Urban Development Agency (DUDA),Registered Contractor V-163 Pvt Ltd,2026-06-08,False,False,False,True,True,OFFICIAL_ESAKSHI_DATA
MPLAD-UT-2024-0450,Rajnath Singh,Uttar Pradesh,Lucknow,LUCKNOW,Development of Community Sanitary Complex with Septic Facility,Public Sanitation & Drainage,Standard infrastructure project under MPLADS guidelines for public sanitation & drainage to improve citizen access and public amenity.,2024-02-02,2024-03-20,2024-04-29,2024-09-13,,IN_PROGRESS,723000.0,723000.0,361500.0,51.0,50.0,26.832713,80.954064,Gram Shastri Colony,Ward 22,Lucknow Block 6,Zila Parishad Engineering Wing,Registered Contractor V-155 Pvt Ltd,2026-08-09,False,False,False,True,True,OFFICIAL_ESAKSHI_DATA
MPLAD-MA-2024-0451,Nitin Jairam Gadkari,Maharashtra,Nagpur,NAGPUR,Covered Drain Construction from Main Chowk to Gandhi Park,Public Sanitation & Drainage,Standard infrastructure project under MPLADS guidelines for public sanitation & drainage to improve citizen access and public amenity.,2024-03-24,2024-05-12,2024-06-09,2024-09-17,,IN_PROGRESS,531000.0,531000.0,294705.0,44.3,55.5,21.096157,79.026572,Gram Ambedkar Nagar,Ward 2,Nagpur Block 5,Zila Parishad Engineering Wing,Registered Contractor V-111 Pvt Ltd,2026-06-22,False,False,False,False,True,OFFICIAL_ESAKSHI_DATA
MPLAD-RA-2024-0452,MANJU SHARMA,Rajasthan,Jaipur,JAIPUR,"Construction of Underground Drainage System at Kisan Mandi, Ward 6",Public Sanitation & Drainage,Standard infrastructure project under MPLADS guidelines for public sanitation & drainage to improve citizen access and public amenity.,2024-04-27,2024-06-12,2024-06-30,2024-11-26,,IN_PROGRESS,850000.0,850000.0,472600.0,59.1,55.6,26.95659,75.767985,Gram Hanuman Chowk,Ward 24,Jaipur Block 6,Gram Panchayat Works Division,Registered Contractor V-166 Pvt Ltd,2026-08-02,False,False,False,True,True,OFFICIAL_ESAKSHI_DATA
MPLAD-UT-2024-0453,Shri Narendra Modi,Uttar Pradesh,Varanasi,VARANASI,"Augmentation of Village Piped Drinking Water Scheme, Ward 29",Drinking Water & Tube Wells,Standard infrastructure project under MPLADS guidelines for drinking water & tube wells to improve citizen access and public amenity.,2024-01-31,2024-03-17,2024-04-29,2024-10-26,2024-11-09,COMPLETED,889000.0,889000.0,894392.68,100.0,100.0,25.297851,82.980359,Gram Primary Health Center,Ward 30,Varanasi Block 2,Public Health Engineering Department (PHED),Registered Contractor V-106 Pvt Ltd,2024-10-06,True,True,True,True,True,OFFICIAL_ESAKSHI_DATA
MPLAD-MA-2024-0454,MURLIDHAR MOHOL,Maharashtra,Pune,PUNE,Development of Approach Road connecting Panchayat Bhavan Main Gate,Road Works,Standard infrastructure project under MPLADS guidelines for road works to improve citizen access and public amenity.,2024-08-20,2024-09-15,2024-10-13,2025-03-20,2025-03-12,COMPLETED,1784000.0,1784000.0,1838410.04,100.0,100.0,18.590613,73.913783,Gram Railway Crossing,Ward 23,Pune Block 4,Zila Parishad Engineering Wing,Registered Contractor V-134 Pvt Ltd,2025-03-06,True,True,True,True,True,OFFICIAL_ESAKSHI_DATA
MPLAD-UT-2024-0455,Rajnath Singh,Uttar Pradesh,Lucknow,LUCKNOW,"Construction of Underground Drainage System at Hanuman Chowk, Ward 13",Public Sanitation & Drainage,Standard infrastructure project under MPLADS guidelines for public sanitation & drainage to improve citizen access and public amenity.,2024-07-04,2024-08-18,2024-09-27,2025-02-02,2025-01-18,COMPLETED,586000.0,586000.0,560131.08,100.0,100.0,26.873943,80.926908,Gram Shivaji Nagar,Ward 7,Lucknow Block 1,Zila Parishad Engineering Wing,Registered Contractor V-147 Pvt Ltd,2025-01-27,True,True,True,True,True,OFFICIAL_ESAKSHI_DATA
MPLAD-MA-2024-0456,Nitin Jairam Gadkari,Maharashtra,Nagpur,NAGPUR,Installation of Solar Dual Pump Tube Well at Market Yard,Drinking Water & Tube Wells,Standard infrastructure project under MPLADS guidelines for drinking water & tube wells to improve citizen access and public amenity.,2024-08-12,2024-10-11,2024-11-22,2025-06-01,,IN_PROGRESS,692000.0,692000.0,235280.0,30.2,34.0,21.145682,79.127257,Gram Panchayat Bhavan,Ward 29,Nagpur Block 2,Public Works Department (PWD) Rural,Registered Contractor V-156 Pvt Ltd,2026-08-06,False,False,False,True,True,OFFICIAL_ESAKSHI_DATA
MPLAD-UT-2024-0457,Rajnath Singh,Uttar Pradesh,Lucknow,LUCKNOW,"Construction of Separate Girls Sanitation Facility at Govt High School, Shastri Colony",School Infrastructure & Classrooms,Standard infrastructure project under MPLADS guidelines for school infrastructure & classrooms to improve citizen access and public amenity.,2024-06-07,2024-07-12,2024-08-02,2024-12-07,,IN_PROGRESS,1295000.0,1295000.0,889665.0,75.0,68.7,26.879874,80.970071,Gram Market Yard,Ward 28,Lucknow Block 4,Gram Panchayat Works Division,Registered Contractor V-158 Pvt Ltd,2026-08-10,False,False,False,True,True,OFFICIAL_ESAKSHI_DATA
MPLAD-KA-2024-0458,DR C N MANJUNATH,Karnataka,Bengaluru Rural,BANGALORE RURAL,"Modernization of School Boundary Wall and Playground, Ward 34",School Infrastructure & Classrooms,Standard infrastructure project under MPLADS guidelines for school infrastructure & classrooms to improve citizen access and public amenity.,2024-05-20,2024-07-16,2024-08-23,2025-02-07,,IN_PROGRESS,1653000.0,1653000.0,1224873.0,57.2,74.1,13.252033,77.559887,Gram Gandhi Park,Ward 3,Bengaluru Rural Block 3,Public Health Engineering Department (PHED),Registered Contractor V-163 Pvt Ltd,2026-06-16,False,False,False,True,True,OFFICIAL_ESAKSHI_DATA
MPLAD-UT-2024-0459,Rajnath Singh,Uttar Pradesh,Lucknow,LUCKNOW,Laying of Interlocking Tile Road at Railway Crossing Sector 23,Road Works,Standard infrastructure project under MPLADS guidelines for road works to improve citizen access and public amenity.,2024-09-06,2024-10-18,2024-11-16,2025-05-14,,IN_PROGRESS,1692000.0,1692000.0,641268.0,34.7,37.9,26.817186,80.941466,Gram Bus Stand,Ward 19,Lucknow Block 6,Public Health Engineering Department (PHED),Registered Contractor V-180 Pvt Ltd,2026-07-26,False,False,False,True,True,OFFICIAL_ESAKSHI_DATA
MPLAD-KA-2024-0460,YADUVEER KRISHNADATTA CHAMARAJA WADIYAR,Karnataka,Mysuru,MYSORE,Sinking of Deep Borewell with Overhead Storage Tank near Shastri Colony,Drinking Water & Tube Wells,Standard infrastructure project under MPLADS guidelines for drinking water & tube wells to improve citizen access and public amenity.,2024-04-25,2024-06-07,2024-07-17,2024-12-14,,IN_PROGRESS,802000.0,802000.0,620748.0,75.7,77.4,12.248009,76.646045,Gram Panchayat Bhavan,Ward 7,Mysuru Block 2,District Urban Development Agency (DUDA),Registered Contractor V-150 Pvt Ltd,2026-08-01,False,True,False,True,True,OFFICIAL_ESAKSHI_DATA
MPLAD-UT-2024-0461,Shri Narendra Modi,Uttar Pradesh,Varanasi,VARANASI,"Construction of 2 Additional Classrooms in Govt Upper Primary School, Ram Mandir",School Infrastructure & Classrooms,Standard infrastructure project under MPLADS guidelines for school infrastructure & classrooms to improve citizen access and public amenity.,2024-03-10,2024-04-12,2024-05-14,2024-08-18,,IN_PROGRESS,1772000.0,1772000.0,937388.0,40.8,52.9,25.382763,82.936216,Gram Primary Health Center,Ward 14,Varanasi Block 1,Public Health Engineering Department (PHED),Registered Contractor V-139 Pvt Ltd,2026-06-20,False,False,False,True,True,OFFICIAL_ESAKSHI_DATA
MPLAD-MA-2024-0462,MURLIDHAR MOHOL,Maharashtra,Pune,PUNE,"Construction of Underground Drainage System at Navodaya Vidyalaya, Ward 10",Public Sanitation & Drainage,Standard infrastructure project under MPLADS guidelines for public sanitation & drainage to improve citizen access and public amenity.,2024-03-16,2024-04-26,2024-06-05,2024-10-18,,IN_PROGRESS,626000.0,626000.0,450720.0,71.2,72.0,18.529558,73.896859,Gram Shivaji Nagar,Ward 2,Pune Block 4,Public Works Department (PWD) Rural,Registered Contractor V-163 Pvt Ltd,2026-07-13,False,False,False,True,True,OFFICIAL_ESAKSHI_DATA
MPLAD-UT-2024-0463,Shri Narendra Modi,Uttar Pradesh,Varanasi,VARANASI,Construction of Cement Concrete Lane in Ward No. 8,Road Works,Standard infrastructure project under MPLADS guidelines for road works to improve citizen access and public amenity.,2024-07-28,2024-08-23,2024-10-03,2025-03-13,2025-03-08,COMPLETED,1359000.0,1359000.0,1340277.8,100.0,100.0,25.359552,82.906092,Gram Panchayat Bhavan,Ward 24,Varanasi Block 3,Zila Parishad Engineering Wing,Registered Contractor V-179 Pvt Ltd,2025-03-08,True,True,True,True,True,OFFICIAL_ESAKSHI_DATA
MPLAD-UT-2024-0464,Rajnath Singh,Uttar Pradesh,Lucknow,LUCKNOW,Development of Approach Road connecting Navodaya Vidyalaya Main Gate,Road Works,Standard infrastructure project under MPLADS guidelines for road works to improve citizen access and public amenity.,2024-04-04,2024-05-02,2024-05-20,2024-12-04,2024-11-19,COMPLETED,1260000.0,1260000.0,1234639.42,100.0,100.0,26.858903,80.951131,Gram Primary Health Center,Ward 10,Lucknow Block 5,Public Works Department (PWD) Rural,Registered Contractor V-147 Pvt Ltd,2024-11-19,True,True,True,True,True,OFFICIAL_ESAKSHI_DATA
MPLAD-MA-2024-0465,MURLIDHAR MOHOL,Maharashtra,Pune,PUNE,Construction of B.R. Ambedkar Community Bhavan near Panchayat Bhavan,Community Hall & Cultural Centers,Standard infrastructure project under MPLADS guidelines for community hall & cultural centers to improve citizen access and public amenity.,2024-04-11,2024-06-10,2024-07-16,2024-11-14,2024-11-25,COMPLETED,2294000.0,2294000.0,2363426.38,100.0,100.0,18.556554,73.849877,Gram Market Yard,Ward 30,Pune Block 4,District Urban Development Agency (DUDA),Registered Contractor V-154 Pvt Ltd,2024-10-27,True,True,True,True,True,OFFICIAL_ESAKSHI_DATA
MPLAD-UT-2024-0466,Rajnath Singh,Uttar Pradesh,Lucknow,LUCKNOW,Development of Approach Road connecting Market Yard Main Gate,Road Works,Standard infrastructure project under MPLADS guidelines for road works to improve citizen access and public amenity.,2024-07-25,2024-08-14,2024-09-20,2025-04-01,,IN_PROGRESS,1120000.0,1120000.0,301280.0,29.2,26.9,26.860762,80.905253,Gram Kisan Mandi,Ward 2,Lucknow Block 6,Public Health Engineering Department (PHED),Registered Contractor V-119 Pvt Ltd,2026-07-29,False,False,False,True,True,OFFICIAL_ESAKSHI_DATA
MPLAD-MA-2024-0467,MURLIDHAR MOHOL,Maharashtra,Pune,PUNE,Development of Community Sanitary Complex with Septic Facility,Public Sanitation & Drainage,Standard infrastructure project under MPLADS guidelines for public sanitation & drainage to improve citizen access and public amenity.,2024-04-21,2024-06-15,2024-07-27,2024-12-02,,IN_PROGRESS,780000.0,780000.0,324480.0,43.8,41.6,18.519437,73.918729,Gram Shivaji Nagar,Ward 13,Pune Block 4,District Urban Development Agency (DUDA),Registered Contractor V-154 Pvt Ltd,2026-07-15,False,False,False,True,True,OFFICIAL_ESAKSHI_DATA
MPLAD-MA-2024-0468,Nitin Jairam Gadkari,Maharashtra,Nagpur,NAGPUR,"Development of Multipurpose Cultural Hall, Ward 9",Community Hall & Cultural Centers,Standard infrastructure project under MPLADS guidelines for community hall & cultural centers to improve citizen access and public amenity.,2024-08-22,2024-09-30,2024-10-17,2025-01-19,,IN_PROGRESS,2535000.0,2535000.0,1305525.0,48.4,51.5,21.129802,79.067123,Gram Hanuman Chowk,Ward 17,Nagpur Block 5,Public Health Engineering Department (PHED),Registered Contractor V-126 Pvt Ltd,2026-07-13,False,False,False,True,True,OFFICIAL_ESAKSHI_DATA
MPLAD-KA-2024-0469,YADUVEER KRISHNADATTA CHAMARAJA WADIYAR,Karnataka,Mysuru,MYSORE,Installation of Solar Dual Pump Tube Well at Hanuman Chowk,Drinking Water & Tube Wells,Standard infrastructure project under MPLADS guidelines for drinking water & tube wells to improve citizen access and public amenity.,2024-08-24,2024-10-17,2024-11-19,2025-03-22,2025-04-03,COMPLETED,819000.0,819000.0,856396.74,100.0,100.0,12.260857,76.649963,Gram Navodaya Vidyalaya,Ward 12,Mysuru Block 3,Gram Panchayat Works Division,Registered Contractor V-104 Pvt Ltd,2025-03-11,True,True,True,True,True,OFFICIAL_ESAKSHI_DATA
MPLAD-KA-2024-0470,DR C N MANJUNATH,Karnataka,Bengaluru Rural,BANGALORE RURAL,Upgradation and Tarring of Rural Link Road near Navodaya Vidyalaya,Road Works,Standard infrastructure project under MPLADS guidelines for road works to improve citizen access and public amenity.,2024-03-26,2024-05-21,2024-06-28,2024-09-26,,IN_PROGRESS,1429000.0,1429000.0,1261807.0,84.0,88.3,13.266943,77.540827,Gram Primary Health Center,Ward 10,Bengaluru Rural Block 3,Gram Panchayat Works Division,Registered Contractor V-158 Pvt Ltd,2026-07-23,False,True,False,True,True,OFFICIAL_ESAKSHI_DATA
MPLAD-MA-2024-0471,Nitin Jairam Gadkari,Maharashtra,Nagpur,NAGPUR,"Construction of Underground Drainage System at Navodaya Vidyalaya, Ward 28",Public Sanitation & Drainage,Standard infrastructure project under MPLADS guidelines for public sanitation & drainage to improve citizen access and public amenity.,2024-04-02,2024-05-25,2024-06-27,2024-10-19,,IN_PROGRESS,584000.0,584000.0,240024.0,46.7,41.1,21.158226,79.080461,Gram Hanuman Chowk,Ward 2,Nagpur Block 4,Public Works Department (PWD) Rural,Registered Contractor V-114 Pvt Ltd,2026-07-19,False,False,False,True,True,OFFICIAL_ESAKSHI_DATA
MPLAD-MA-2024-0472,Nitin Jairam Gadkari,Maharashtra,Nagpur,NAGPUR,Construction of Community RO Water Filtration Plant at Shastri Colony,Drinking Water & Tube Wells,Standard infrastructure project under MPLADS guidelines for drinking water & tube wells to improve citizen access and public amenity.,2024-04-13,2024-06-05,2024-07-02,2024-12-14,,IN_PROGRESS,891000.0,891000.0,685179.0,71.7,76.9,21.113501,79.077566,Gram Shivaji Nagar,Ward 30,Nagpur Block 4,Public Health Engineering Department (PHED),Registered Contractor V-110 Pvt Ltd,2026-07-23,False,True,False,True,True,OFFICIAL_ESAKSHI_DATA
MPLAD-UT-2024-0473,Shri Narendra Modi,Uttar Pradesh,Varanasi,VARANASI,Sinking of Deep Borewell with Overhead Storage Tank near Ram Mandir,Drinking Water & Tube Wells,Standard infrastructure project under MPLADS guidelines for drinking water & tube wells to improve citizen access and public amenity.,2024-05-13,2024-07-01,2024-07-20,2025-01-16,,IN_PROGRESS,759000.0,759000.0,450846.0,56.7,59.4,25.299187,82.973409,Gram Gandhi Park,Ward 12,Varanasi Block 1,Zila Parishad Engineering Wing,Registered Contractor V-117 Pvt Ltd,2026-07-27,False,False,False,True,True,OFFICIAL_ESAKSHI_DATA
MPLAD-UT-2024-0474,Shri Narendra Modi,Uttar Pradesh,Varanasi,VARANASI,"Construction of CC Road from Govt Hospital to Railway Crossing, Ward 20",Road Works,Standard infrastructure project under MPLADS guidelines for road works to improve citizen access and public amenity.,2024-03-24,2024-04-15,2024-05-16,2024-09-02,2024-09-10,COMPLETED,1403000.0,1403000.0,1459096.62,100.0,100.0,25.278014,82.912201,Gram Kisan Mandi,Ward 5,Varanasi Block 2,District Urban Development Agency (DUDA),Registered Contractor V-174 Pvt Ltd,2024-08-22,True,True,True,True,True,OFFICIAL_ESAKSHI_DATA
MPLAD-UT-2024-0475,Shri Narendra Modi,Uttar Pradesh,Varanasi,VARANASI,Erection of Senior Citizen Pavilion at Ambedkar Nagar Panchayat,Community Hall & Cultural Centers,Standard infrastructure project under MPLADS guidelines for community hall & cultural centers to improve citizen access and public amenity.,2024-02-25,2024-04-16,2024-05-01,2024-08-14,,IN_PROGRESS,1950000.0,1950000.0,442650.0,29.1,22.7,25.319945,82.991958,Gram Kisan Mandi,Ward 13,Varanasi Block 4,District Urban Development Agency (DUDA),Registered Contractor V-128 Pvt Ltd,2026-07-26,False,False,False,True,True,OFFICIAL_ESAKSHI_DATA
MPLAD-MA-2024-0476,MURLIDHAR MOHOL,Maharashtra,Pune,PUNE,Installation of Decentralized Solid Waste Management Unit at Market Yard,Public Sanitation & Drainage,Standard infrastructure project under MPLADS guidelines for public sanitation & drainage to improve citizen access and public amenity.,2024-06-28,2024-08-15,2024-09-03,2025-03-22,,IN_PROGRESS,552000.0,552000.0,177192.0,30.4,32.1,18.501883,73.884499,Gram Primary Health Center,Ward 18,Pune Block 1,Public Health Engineering Department (PHED),Registered Contractor V-158 Pvt Ltd,2026-07-22,False,False,False,True,True,OFFICIAL_ESAKSHI_DATA
MPLAD-UT-2024-0477,Rajnath Singh,Uttar Pradesh,Lucknow,LUCKNOW,Laying of Interlocking Tile Road at Bus Stand Sector 6,Road Works,Standard infrastructure project under MPLADS guidelines for road works to improve citizen access and public amenity.,2024-06-04,2024-08-03,2024-09-12,2025-03-19,,IN_PROGRESS,1690000.0,1690000.0,902460.0,58.7,53.4,26.856975,80.89872,Gram Ambedkar Nagar,Ward 25,Lucknow Block 1,Public Works Department (PWD) Rural,Registered Contractor V-104 Pvt Ltd,2026-07-24,False,False,False,True,True,OFFICIAL_ESAKSHI_DATA
MPLAD-MA-2024-0478,Nitin Jairam Gadkari,Maharashtra,Nagpur,NAGPUR,Covered Drain Construction from Main Chowk to Hanuman Chowk,Public Sanitation & Drainage,Standard infrastructure project under MPLADS guidelines for public sanitation & drainage to improve citizen access and public amenity.,2024-06-26,2024-08-19,2024-09-08,2024-12-09,2024-12-09,COMPLETED,741000.0,741000.0,712404.5,100.0,100.0,21.144553,79.03167,Gram Market Yard,Ward 19,Nagpur Block 1,Gram Panchayat Works Division,Registered Contractor V-116 Pvt Ltd,2024-12-01,True,True,True,True,True,OFFICIAL_ESAKSHI_DATA
MPLAD-UT-2024-0479,Shri Narendra Modi,Uttar Pradesh,Varanasi,VARANASI,"Development of Multipurpose Cultural Hall, Ward 8",Community Hall & Cultural Centers,Standard infrastructure project under MPLADS guidelines for community hall & cultural centers to improve citizen access and public amenity.,2024-04-25,2024-05-16,2024-06-27,2024-12-01,2024-11-21,COMPLETED,2582000.0,2582000.0,2597807.72,100.0,100.0,25.302664,82.954936,Gram Govt Hospital,Ward 5,Varanasi Block 2,Public Health Engineering Department (PHED),Registered Contractor V-124 Pvt Ltd,2024-11-21,True,True,True,True,True,OFFICIAL_ESAKSHI_DATA
MPLAD-KA-2024-0480,DR C N MANJUNATH,Karnataka,Bengaluru Rural,BANGALORE RURAL,Construction of Community RO Water Filtration Plant at Primary Health Center,Drinking Water & Tube Wells,Standard infrastructure project under MPLADS guidelines for drinking water & tube wells to improve citizen access and public amenity.,2024-07-01,2024-07-31,2024-08-16,2025-01-31,,IN_PROGRESS,756000.0,756000.0,386316.0,35.4,51.1,13.208265,77.539446,Gram Main Chauraha,Ward 11,Bengaluru Rural Block 3,District Urban Development Agency (DUDA),Registered Contractor V-153 Pvt Ltd,2026-06-11,False,False,False,False,True,OFFICIAL_ESAKSHI_DATA
MPLAD-UT-2024-0481,Shri Narendra Modi,Uttar Pradesh,Varanasi,VARANASI,Development of Approach Road connecting Ram Mandir Main Gate,Road Works,Standard infrastructure project under MPLADS guidelines for road works to improve citizen access and public amenity.,2024-07-20,2024-09-16,2024-10-19,2025-02-16,,IN_PROGRESS,1634000.0,1634000.0,1119290.0,70.1,68.5,25.332609,82.998159,Gram Gandhi Park,Ward 14,Varanasi Block 1,Public Works Department (PWD) Rural,Registered Contractor V-131 Pvt Ltd,2026-08-07,False,False,False,True,True,OFFICIAL_ESAKSHI_DATA
MPLAD-UT-2024-0482,Shri Narendra Modi,Uttar Pradesh,Varanasi,VARANASI,"Construction of Separate Girls Sanitation Facility at Govt High School, Govt Hospital",School Infrastructure & Classrooms,Standard infrastructure project under MPLADS guidelines for school infrastructure & classrooms to improve citizen access and public amenity.,2024-03-18,2024-05-12,2024-06-26,2024-12-08,,IN_PROGRESS,1869000.0,1869000.0,758814.0,39.8,40.6,25.304754,82.944934,Gram Railway Crossing,Ward 3,Varanasi Block 6,Public Works Department (PWD) Rural,Registered Contractor V-103 Pvt Ltd,2026-07-16,False,False,False,True,True,OFFICIAL_ESAKSHI_DATA
MPLAD-MA-2024-0483,MURLIDHAR MOHOL,Maharashtra,Pune,PUNE,Construction of B.R. Ambedkar Community Bhavan near Ram Mandir,Community Hall & Cultural Centers,Standard infrastructure project under MPLADS guidelines for community hall & cultural centers to improve citizen access and public amenity.,2024-07-28,2024-09-01,2024-10-03,2025-02-24,,IN_PROGRESS,2526000.0,2526000.0,1439820.0,46.7,57.0,18.482875,73.754453,Gram Govt Hospital,Ward 20,Pune Block 3,Zila Parishad Engineering Wing,Registered Contractor V-122 Pvt Ltd,2026-06-01,False,False,False,False,True,OFFICIAL_ESAKSHI_DATA
MPLAD-UT-2024-0484,Rajnath Singh,Uttar Pradesh,Lucknow,LUCKNOW,"Augmentation of Village Piped Drinking Water Scheme, Ward 8",Drinking Water & Tube Wells,Standard infrastructure project under MPLADS guidelines for drinking water & tube wells to improve citizen access and public amenity.,2024-03-22,2024-04-13,2024-05-03,2024-11-03,,IN_PROGRESS,659000.0,659000.0,154865.0,29.2,23.5,26.878338,80.863497,Gram Main Chauraha,Ward 14,Lucknow Block 2,Zila Parishad Engineering Wing,Registered Contractor V-166 Pvt Ltd,2026-07-19,False,False,False,True,True,OFFICIAL_ESAKSHI_DATA
MPLAD-KA-2024-0485,YADUVEER KRISHNADATTA CHAMARAJA WADIYAR,Karnataka,Mysuru,MYSORE,Construction of Community Welfare Center at Shastri Colony,Community Hall & Cultural Centers,Standard infrastructure project under MPLADS guidelines for community hall & cultural centers to improve citizen access and public amenity.,2024-03-12,2024-04-21,2024-05-16,2024-09-09,,IN_PROGRESS,2406000.0,2406000.0,1304052.0,61.0,54.2,12.31747,76.711412,Gram Ambedkar Nagar,Ward 16,Mysuru Block 1,Public Health Engineering Department (PHED),Registered Contractor V-135 Pvt Ltd,2026-07-19,False,False,False,True,True,OFFICIAL_ESAKSHI_DATA
MPLAD-RA-2024-0486,MANJU SHARMA,Rajasthan,Jaipur,JAIPUR,"Modernization of School Boundary Wall and Playground, Ward 29",School Infrastructure & Classrooms,Standard infrastructure project under MPLADS guidelines for school infrastructure & classrooms to improve citizen access and public amenity.,2024-07-23,2024-09-06,2024-10-08,2025-01-16,,IN_PROGRESS,2155000.0,2155000.0,1249900.0,63.9,58.0,26.88692,75.780899,Gram Navodaya Vidyalaya,Ward 13,Jaipur Block 5,Zila Parishad Engineering Wing,Registered Contractor V-163 Pvt Ltd,2026-08-10,False,False,False,True,True,OFFICIAL_ESAKSHI_DATA
MPLAD-KA-2024-0487,YADUVEER KRISHNADATTA CHAMARAJA WADIYAR,Karnataka,Mysuru,MYSORE,"Augmentation of Village Piped Drinking Water Scheme, Ward 23",Drinking Water & Tube Wells,Standard infrastructure project under MPLADS guidelines for drinking water & tube wells to improve citizen access and public amenity.,2024-05-07,2024-06-19,2024-08-02,2024-11-24,,IN_PROGRESS,707000.0,707000.0,223412.0,38.3,31.6,12.273191,76.611428,Gram Kisan Mandi,Ward 23,Mysuru Block 2,Gram Panchayat Works Division,Registered Contractor V-116 Pvt Ltd,2026-08-02,False,False,False,True,True,OFFICIAL_ESAKSHI_DATA
MPLAD-MA-2024-0488,Nitin Jairam Gadkari,Maharashtra,Nagpur,NAGPUR,Construction of B.R. Ambedkar Community Bhavan near Ambedkar Nagar,Community Hall & Cultural Centers,Standard infrastructure project under MPLADS guidelines for community hall & cultural centers to improve citizen access and public amenity.,2024-05-15,2024-07-12,2024-08-02,2024-10-31,2024-10-23,COMPLETED,2868000.0,2868000.0,2783359.95,100.0,100.0,21.112433,79.092493,Gram Panchayat Bhavan,Ward 18,Nagpur Block 2,Gram Panchayat Works Division,Registered Contractor V-136 Pvt Ltd,2024-10-17,True,True,True,True,True,OFFICIAL_ESAKSHI_DATA
MPLAD-MA-2024-0489,MURLIDHAR MOHOL,Maharashtra,Pune,PUNE,Covered Drain Construction from Main Chowk to Shivaji Nagar,Public Sanitation & Drainage,Standard infrastructure project under MPLADS guidelines for public sanitation & drainage to improve citizen access and public amenity.,2024-02-11,2024-03-18,2024-05-01,2024-10-10,,IN_PROGRESS,675000.0,675000.0,487350.0,56.4,72.2,18.507783,73.8746,Gram Shastri Colony,Ward 18,Pune Block 4,Public Works Department (PWD) Rural,Registered Contractor V-109 Pvt Ltd,2026-06-13,False,False,False,True,True,OFFICIAL_ESAKSHI_DATA
MPLAD-RA-2024-0490,Gajendra Singh Shekhawat,Rajasthan,Jodhpur,JODHPUR,Upgradation and Tarring of Rural Link Road near Main Chauraha,Road Works,Standard infrastructure project under MPLADS guidelines for road works to improve citizen access and public amenity.,2024-08-13,2024-09-28,2024-10-21,2025-02-03,,IN_PROGRESS,1459000.0,1459000.0,745549.0,53.0,51.1,26.237783,73.022163,Gram Ram Mandir,Ward 9,Jodhpur Block 4,District Urban Development Agency (DUDA),Registered Contractor V-156 Pvt Ltd,2026-07-17,False,False,False,True,True,OFFICIAL_ESAKSHI_DATA
MPLAD-UT-2024-0491,Rajnath Singh,Uttar Pradesh,Lucknow,LUCKNOW,Upgradation and Tarring of Rural Link Road near Hanuman Chowk,Road Works,Standard infrastructure project under MPLADS guidelines for road works to improve citizen access and public amenity.,2024-04-04,2024-04-29,2024-06-11,2024-11-21,,IN_PROGRESS,1413000.0,1413000.0,1138878.0,84.4,80.6,26.849617,80.977045,Gram Bus Stand,Ward 6,Lucknow Block 3,Public Health Engineering Department (PHED),Registered Contractor V-125 Pvt Ltd,2026-07-19,False,True,False,True,True,OFFICIAL_ESAKSHI_DATA
MPLAD-KA-2024-0492,DR C N MANJUNATH,Karnataka,Bengaluru Rural,BANGALORE RURAL,"Construction of CC Road from Bus Stand to Primary Health Center, Ward 31",Road Works,Standard infrastructure project under MPLADS guidelines for road works to improve citizen access and public amenity.,2024-04-29,2024-05-20,2024-06-22,2024-12-31,,IN_PROGRESS,1697000.0,1697000.0,705952.0,45.1,41.6,13.223811,77.611344,Gram Navodaya Vidyalaya,Ward 11,Bengaluru Rural Block 5,Gram Panchayat Works Division,Registered Contractor V-162 Pvt Ltd,2026-08-07,False,False,False,True,True,OFFICIAL_ESAKSHI_DATA
MPLAD-MA-2024-0493,MURLIDHAR MOHOL,Maharashtra,Pune,PUNE,"Construction of Underground Drainage System at Primary Health Center, Ward 25",Public Sanitation & Drainage,Standard infrastructure project under MPLADS guidelines for public sanitation & drainage to improve citizen access and public amenity.,2024-07-23,2024-08-18,2024-09-22,2025-02-16,,IN_PROGRESS,507000.0,507000.0,121173.0,30.1,23.9,18.566232,73.836815,Gram Kisan Mandi,Ward 5,Pune Block 1,Zila Parishad Engineering Wing,Registered Contractor V-157 Pvt Ltd,2026-08-09,False,False,False,True,True,OFFICIAL_ESAKSHI_DATA
MPLAD-UT-2024-0494,Shri Narendra Modi,Uttar Pradesh,Varanasi,VARANASI,Construction of Community Welfare Center at Bus Stand,Community Hall & Cultural Centers,Standard infrastructure project under MPLADS guidelines for community hall & cultural centers to improve citizen access and public amenity.,2024-01-26,2024-02-21,2024-03-28,2024-07-03,,IN_PROGRESS,2794000.0,2794000.0,1145540.0,42.7,41.0,25.324623,82.98659,Gram Railway Crossing,Ward 13,Varanasi Block 4,Zila Parishad Engineering Wing,Registered Contractor V-156 Pvt Ltd,2026-08-07,False,False,False,True,True,OFFICIAL_ESAKSHI_DATA
MPLAD-UT-2024-0495,Shri Narendra Modi,Uttar Pradesh,Varanasi,VARANASI,"Development of Multipurpose Cultural Hall, Ward 5",Community Hall & Cultural Centers,Standard infrastructure project under MPLADS guidelines for community hall & cultural centers to improve citizen access and public amenity.,2024-05-21,2024-07-01,2024-08-03,2024-11-25,2024-12-18,COMPLETED,2620000.0,2620000.0,2628653.56,100.0,100.0,25.359185,82.992686,Gram Main Chauraha,Ward 19,Varanasi Block 2,Gram Panchayat Works Division,Registered Contractor V-159 Pvt Ltd,2024-11-23,True,True,True,True,True,OFFICIAL_ESAKSHI_DATA
MPLAD-KA-2024-0496,YADUVEER KRISHNADATTA CHAMARAJA WADIYAR,Karnataka,Mysuru,MYSORE,"Modernization of School Boundary Wall and Playground, Ward 33",School Infrastructure & Classrooms,Standard infrastructure project under MPLADS guidelines for school infrastructure & classrooms to improve citizen access and public amenity.,2024-05-02,2024-06-02,2024-06-24,2024-10-09,,IN_PROGRESS,1662000.0,1662000.0,432120.0,28.6,26.0,12.289086,76.656366,Gram Govt Hospital,Ward 19,Mysuru Block 5,Public Health Engineering Department (PHED),Registered Contractor V-180 Pvt Ltd,2026-07-28,False,False,False,True,True,OFFICIAL_ESAKSHI_DATA
MPLAD-MA-2024-0497,MURLIDHAR MOHOL,Maharashtra,Pune,PUNE,"Construction of 2 Additional Classrooms in Govt Upper Primary School, Navodaya Vidyalaya",School Infrastructure & Classrooms,Standard infrastructure project under MPLADS guidelines for school infrastructure & classrooms to improve citizen access and public amenity.,2024-04-06,2024-05-14,2024-06-09,2024-09-08,,IN_PROGRESS,1776000.0,1776000.0,1056720.0,64.5,59.5,18.497876,73.892749,Gram Market Yard,Ward 12,Pune Block 2,District Urban Development Agency (DUDA),Registered Contractor V-178 Pvt Ltd,2026-08-03,False,False,False,True,True,OFFICIAL_ESAKSHI_DATA
MPLAD-MA-2024-0498,MURLIDHAR MOHOL,Maharashtra,Pune,PUNE,"Construction of CC Road from Primary Health Center to Panchayat Bhavan, Ward 27",Road Works,Standard infrastructure project under MPLADS guidelines for road works to improve citizen access and public amenity.,2024-06-28,2024-08-17,2024-09-23,2025-03-20,,IN_PROGRESS,1681000.0,1681000.0,1018686.0,48.0,60.6,18.506272,73.823271,Gram Railway Crossing,Ward 29,Pune Block 1,District Urban Development Agency (DUDA),Registered Contractor V-125 Pvt Ltd,2026-06-09,False,False,False,False,True,OFFICIAL_ESAKSHI_DATA
MPLAD-UT-2024-0499,Shri Narendra Modi,Uttar Pradesh,Varanasi,VARANASI,Upgradation and Tarring of Rural Link Road near Bus Stand,Road Works,Standard infrastructure project under MPLADS guidelines for road works to improve citizen access and public amenity.,2024-05-08,2024-07-06,2024-07-27,2024-11-24,,IN_PROGRESS,1605000.0,1605000.0,1211775.0,71.1,75.5,25.389788,82.936536,Gram Navodaya Vidyalaya,Ward 1,Varanasi Block 3,Public Works Department (PWD) Rural,Registered Contractor V-130 Pvt Ltd,2026-07-16,False,True,False,True,True,OFFICIAL_ESAKSHI_DATA
MPLAD-RA-2024-0500,MANJU SHARMA,Rajasthan,Jaipur,JAIPUR,"Development of Multipurpose Cultural Hall, Ward 3",Community Hall & Cultural Centers,Standard infrastructure project under MPLADS guidelines for community hall & cultural centers to improve citizen access and public amenity.,2024-02-08,2024-03-08,2024-04-01,2024-08-25,2024-09-02,COMPLETED,2530000.0,2530000.0,2652479.91,100.0,100.0,26.961828,75.784513,Gram Govt Hospital,Ward 6,Jaipur Block 2,Gram Panchayat Works Division,Registered Contractor V-172 Pvt Ltd,2024-08-05,True,True,True,True,True,OFFICIAL_ESAKSHI_DATA
MPLAD-KA-2024-0501,DR C N MANJUNATH,Karnataka,Bengaluru Rural,BANGALORE RURAL,Construction of Community Welfare Center at Market Yard,Community Hall & Cultural Centers,Standard infrastructure project under MPLADS guidelines for community hall & cultural centers to improve citizen access and public amenity.,2024-02-24,2024-03-27,2024-04-11,2024-08-01,,IN_PROGRESS,2058000.0,2058000.0,1500282.0,79.6,72.9,13.264206,77.625132,Gram Primary Health Center,Ward 30,Bengaluru Rural Block 2,Zila Parishad Engineering Wing,Registered Contractor V-132 Pvt Ltd,2026-07-20,False,False,False,True,True,OFFICIAL_ESAKSHI_DATA
MPLAD-KA-2024-0502,YADUVEER KRISHNADATTA CHAMARAJA WADIYAR,Karnataka,Mysuru,MYSORE,Sinking of Deep Borewell with Overhead Storage Tank near Main Chauraha,Drinking Water & Tube Wells,Standard infrastructure project under MPLADS guidelines for drinking water & tube wells to improve citizen access and public amenity.,2024-06-27,2024-07-27,2024-09-10,2025-02-14,,IN_PROGRESS,726000.0,726000.0,559020.0,59.9,77.0,12.286866,76.640545,Gram Bus Stand,Ward 18,Mysuru Block 4,District Urban Development Agency (DUDA),Registered Contractor V-148 Pvt Ltd,2026-06-26,False,False,False,True,True,OFFICIAL_ESAKSHI_DATA
MPLAD-KA-2024-0503,YADUVEER KRISHNADATTA CHAMARAJA WADIYAR,Karnataka,Mysuru,MYSORE,Covered Drain Construction from Main Chowk to Bus Stand,Public Sanitation & Drainage,Standard infrastructure project under MPLADS guidelines for public sanitation & drainage to improve citizen access and public amenity.,2024-09-01,2024-09-23,2024-11-01,2025-04-18,,IN_PROGRESS,587000.0,587000.0,430858.0,76.3,73.4,12.358552,76.647238,Gram Navodaya Vidyalaya,Ward 5,Mysuru Block 5,Public Health Engineering Department (PHED),Registered Contractor V-132 Pvt Ltd,2026-08-06,False,False,False,True,True,OFFICIAL_ESAKSHI_DATA
MPLAD-UT-2024-0504,Shri Narendra Modi,Uttar Pradesh,Varanasi,VARANASI,Construction of Cement Concrete Lane in Ward No. 34,Road Works,Standard infrastructure project under MPLADS guidelines for road works to improve citizen access and public amenity.,2024-01-26,2024-02-25,2024-03-27,2024-08-13,,IN_PROGRESS,1658000.0,1658000.0,1057804.0,63.7,63.8,25.338475,82.983384,Gram Shivaji Nagar,Ward 12,Varanasi Block 5,Public Health Engineering Department (PHED),Registered Contractor V-179 Pvt Ltd,2026-07-26,False,False,False,True,True,OFFICIAL_ESAKSHI_DATA
MPLAD-UT-2024-0505,Rajnath Singh,Uttar Pradesh,Lucknow,LUCKNOW,"Construction of Separate Girls Sanitation Facility at Govt High School, Navodaya Vidyalaya",School Infrastructure & Classrooms,Standard infrastructure project under MPLADS guidelines for school infrastructure & classrooms to improve citizen access and public amenity.,2024-04-21,2024-06-20,2024-08-03,2025-02-10,,IN_PROGRESS,1783000.0,1783000.0,415439.0,27.2,23.3,26.909976,80.958477,Gram Bus Stand,Ward 10,Lucknow Block 4,District Urban Development Agency (DUDA),Registered Contractor V-175 Pvt Ltd,2026-08-04,False,False,False,True,True,OFFICIAL_ESAKSHI_DATA
MPLAD-UT-2024-0506,Shri Narendra Modi,Uttar Pradesh,Varanasi,VARANASI,Construction of B.R. Ambedkar Community Bhavan near Ambedkar Nagar,Community Hall & Cultural Centers,Standard infrastructure project under MPLADS guidelines for community hall & cultural centers to improve citizen access and public amenity.,2024-01-31,2024-02-28,2024-04-07,2024-07-16,2024-07-23,COMPLETED,2776000.0,2776000.0,2736524.8,100.0,100.0,25.249165,82.968111,Gram Gandhi Park,Ward 20,Varanasi Block 3,District Urban Development Agency (DUDA),Registered Contractor V-171 Pvt Ltd,2024-06-28,True,True,True,True,True,OFFICIAL_ESAKSHI_DATA
MPLAD-UT-2024-0507,Rajnath Singh,Uttar Pradesh,Lucknow,LUCKNOW,"Construction of 2 Additional Classrooms in Govt Upper Primary School, Primary Health Center",School Infrastructure & Classrooms,Standard infrastructure project under MPLADS guidelines for school infrastructure & classrooms to improve citizen access and public amenity.,2024-04-13,2024-06-03,2024-06-28,2024-10-30,,IN_PROGRESS,1628000.0,1628000.0,522588.0,35.8,32.1,26.892095,80.9454,Gram Govt Hospital,Ward 27,Lucknow Block 5,Public Health Engineering Department (PHED),Registered Contractor V-153 Pvt Ltd,2026-07-21,False,False,False,True,True,OFFICIAL_ESAKSHI_DATA
MPLAD-RA-2024-0508,Gajendra Singh Shekhawat,Rajasthan,Jodhpur,JODHPUR,"Augmentation of Village Piped Drinking Water Scheme, Ward 22",Drinking Water & Tube Wells,Standard infrastructure project under MPLADS guidelines for drinking water & tube wells to improve citizen access and public amenity.,2024-01-28,2024-03-11,2024-03-27,2024-09-02,2024-09-30,COMPLETED,799000.0,799000.0,767090.93,100.0,100.0,26.221233,73.053722,Gram Bus Stand,Ward 23,Jodhpur Block 5,Gram Panchayat Works Division,Registered Contractor V-116 Pvt Ltd,2024-08-25,True,True,True,True,True,OFFICIAL_ESAKSHI_DATA
MPLAD-MA-2024-0509,Nitin Jairam Gadkari,Maharashtra,Nagpur,NAGPUR,Development of Approach Road connecting Kisan Mandi Main Gate,Road Works,Standard infrastructure project under MPLADS guidelines for road works to improve citizen access and public amenity.,2024-08-07,2024-09-18,2024-10-28,2025-03-18,,IN_PROGRESS,1473000.0,1473000.0,1042884.0,54.7,70.8,21.126015,79.073825,Gram Bus Stand,Ward 8,Nagpur Block 6,District Urban Development Agency (DUDA),Registered Contractor V-137 Pvt Ltd,2026-06-30,False,False,False,False,True,OFFICIAL_ESAKSHI_DATA
MPLAD-MA-2024-0510,Nitin Jairam Gadkari,Maharashtra,Nagpur,NAGPUR,Construction of Community RO Water Filtration Plant at Market Yard,Drinking Water & Tube Wells,Standard infrastructure project under MPLADS guidelines for drinking water & tube wells to improve citizen access and public amenity.,2024-07-29,2024-09-22,2024-10-31,2025-03-29,,IN_PROGRESS,863000.0,863000.0,490184.0,52.7,56.8,21.074761,79.114926,Gram Bus Stand,Ward 15,Nagpur Block 4,Zila Parishad Engineering Wing,Registered Contractor V-176 Pvt Ltd,2026-07-31,False,False,False,True,True,OFFICIAL_ESAKSHI_DATA
MPLAD-RA-2024-0511,Gajendra Singh Shekhawat,Rajasthan,Jodhpur,JODHPUR,"Augmentation of Village Piped Drinking Water Scheme, Ward 26",Drinking Water & Tube Wells,Standard infrastructure project under MPLADS guidelines for drinking water & tube wells to improve citizen access and public amenity.,2024-03-28,2024-04-17,2024-05-17,2024-11-26,,IN_PROGRESS,741000.0,741000.0,314925.0,46.3,42.5,26.185754,73.067835,Gram Primary Health Center,Ward 19,Jodhpur Block 1,Zila Parishad Engineering Wing,Registered Contractor V-117 Pvt Ltd,2026-07-28,False,False,False,True,True,OFFICIAL_ESAKSHI_DATA
MPLAD-RA-2024-0512,MANJU SHARMA,Rajasthan,Jaipur,JAIPUR,Construction of Community RO Water Filtration Plant at Hanuman Chowk,Drinking Water & Tube Wells,Standard infrastructure project under MPLADS guidelines for drinking water & tube wells to improve citizen access and public amenity.,2024-06-19,2024-08-16,2024-09-29,2025-03-15,,IN_PROGRESS,762000.0,762000.0,356616.0,48.5,46.8,26.95528,75.788628,Gram Bus Stand,Ward 16,Jaipur Block 1,District Urban Development Agency (DUDA),Registered Contractor V-173 Pvt Ltd,2026-07-11,False,False,False,True,True,OFFICIAL_ESAKSHI_DATA
MPLAD-KA-2024-0513,YADUVEER KRISHNADATTA CHAMARAJA WADIYAR,Karnataka,Mysuru,MYSORE,Erection of Senior Citizen Pavilion at Main Chauraha Panchayat,Community Hall & Cultural Centers,Standard infrastructure project under MPLADS guidelines for community hall & cultural centers to improve citizen access and public amenity.,2024-02-05,2024-03-31,2024-04-20,2024-07-23,,IN_PROGRESS,2744000.0,2744000.0,1498224.0,61.2,54.6,12.308835,76.611748,Gram Bus Stand,Ward 8,Mysuru Block 3,Gram Panchayat Works Division,Registered Contractor V-122 Pvt Ltd,2026-08-04,False,False,False,True,True,OFFICIAL_ESAKSHI_DATA
MPLAD-RA-2024-0514,Gajendra Singh Shekhawat,Rajasthan,Jodhpur,JODHPUR,Development of Approach Road connecting Shivaji Nagar Main Gate,Road Works,Standard infrastructure project under MPLADS guidelines for road works to improve citizen access and public amenity.,2024-01-12,2024-02-11,2024-03-07,2024-09-23,,IN_PROGRESS,1701000.0,1701000.0,1013796.0,41.7,59.6,26.199652,73.010228,Gram Main Chauraha,Ward 28,Jodhpur Block 2,District Urban Development Agency (DUDA),Registered Contractor V-167 Pvt Ltd,2026-06-22,False,False,False,False,True,OFFICIAL_ESAKSHI_DATA
MPLAD-MA-2024-0515,MURLIDHAR MOHOL,Maharashtra,Pune,PUNE,Construction of Community Welfare Center at Govt Hospital,Community Hall & Cultural Centers,Standard infrastructure project under MPLADS guidelines for community hall & cultural centers to improve citizen access and public amenity.,2024-02-19,2024-04-17,2024-05-20,2024-12-16,2025-01-02,COMPLETED,2796000.0,2796000.0,2799538.27,100.0,100.0,18.502578,73.883914,Gram Panchayat Bhavan,Ward 15,Pune Block 1,Public Health Engineering Department (PHED),Registered Contractor V-161 Pvt Ltd,2024-12-08,True,True,True,True,True,OFFICIAL_ESAKSHI_DATA
MPLAD-UT-2024-0516,Shri Narendra Modi,Uttar Pradesh,Varanasi,VARANASI,Covered Drain Construction from Main Chowk to Primary Health Center,Public Sanitation & Drainage,Standard infrastructure project under MPLADS guidelines for public sanitation & drainage to improve citizen access and public amenity.,2024-08-22,2024-10-12,2024-11-10,2025-04-08,,IN_PROGRESS,597000.0,597000.0,395214.0,69.2,66.2,25.353039,82.938888,Gram Market Yard,Ward 20,Varanasi Block 2,District Urban Development Agency (DUDA),Registered Contractor V-173 Pvt Ltd,2026-07-13,False,False,False,True,True,OFFICIAL_ESAKSHI_DATA
MPLAD-UT-2024-0517,Shri Narendra Modi,Uttar Pradesh,Varanasi,VARANASI,Sinking of Deep Borewell with Overhead Storage Tank near Shivaji Nagar,Drinking Water & Tube Wells,Standard infrastructure project under MPLADS guidelines for drinking water & tube wells to improve citizen access and public amenity.,2024-05-06,2024-06-19,2024-08-02,2025-01-23,2025-01-14,COMPLETED,782000.0,782000.0,804556.58,100.0,100.0,25.335587,82.980185,Gram Main Chauraha,Ward 28,Varanasi Block 2,Zila Parishad Engineering Wing,Registered Contractor V-156 Pvt Ltd,2025-01-03,True,True,True,True,True,OFFICIAL_ESAKSHI_DATA
MPLAD-KA-2024-0518,YADUVEER KRISHNADATTA CHAMARAJA WADIYAR,Karnataka,Mysuru,MYSORE,Upgradation and Tarring of Rural Link Road near Market Yard,Road Works,Standard infrastructure project under MPLADS guidelines for road works to improve citizen access and public amenity.,2024-04-24,2024-06-18,2024-07-06,2024-11-20,2024-12-07,COMPLETED,1760000.0,1760000.0,1831666.33,100.0,100.0,12.312922,76.596977,Gram Govt Hospital,Ward 7,Mysuru Block 5,Public Works Department (PWD) Rural,Registered Contractor V-164 Pvt Ltd,2024-11-15,True,True,True,True,True,OFFICIAL_ESAKSHI_DATA
MPLAD-RA-2024-0519,Gajendra Singh Shekhawat,Rajasthan,Jodhpur,JODHPUR,Development of Approach Road connecting Shastri Colony Main Gate,Road Works,Standard infrastructure project under MPLADS guidelines for road works to improve citizen access and public amenity.,2024-04-16,2024-05-27,2024-07-04,2024-11-22,,IN_PROGRESS,1575000.0,1575000.0,819000.0,41.9,52.0,26.26244,73.090796,Gram Railway Crossing,Ward 15,Jodhpur Block 1,Gram Panchayat Works Division,Registered Contractor V-160 Pvt Ltd,2026-06-23,False,False,False,True,True,OFFICIAL_ESAKSHI_DATA
MPLAD-RA-2024-0520,MANJU SHARMA,Rajasthan,Jaipur,JAIPUR,"Construction of 2 Additional Classrooms in Govt Upper Primary School, Panchayat Bhavan",School Infrastructure & Classrooms,Standard infrastructure project under MPLADS guidelines for school infrastructure & classrooms to improve citizen access and public amenity.,2024-08-07,2024-09-13,2024-10-24,2025-02-11,2025-03-06,COMPLETED,1823000.0,1823000.0,1831503.97,100.0,100.0,26.878291,75.826048,Gram Gandhi Park,Ward 24,Jaipur Block 4,Public Works Department (PWD) Rural,Registered Contractor V-161 Pvt Ltd,2025-02-09,True,True,True,True,True,OFFICIAL_ESAKSHI_DATA
